step,event,from_label,to_label,fund,return_percent,amount_ars,app_fee_ars,head_paid_to_date,head_remaining,app_fee_cumulative,platform_float,open_obligation_total,notes
1,subscription,Investment1,platform,Aggressive Alpha,40,100000,10000,0.00,140000.00,10000.00,0.00,140000.00,"Ticket 100000 ARS; app fee 10000 (10%); distributable 90000; target payout 140000"
2,float_credit,Investment1,platform_float,Aggressive Alpha,40,90000,0,0.00,140000.00,10000.00,90000.00,140000.00,"Bootstrap: net 90000 ARS to platform float (first subscriber pays the app)"
3,subscription,Investment2,platform,Balanced Growth,15,100000,10000,0.00,115000.00,20000.00,90000.00,255000.00,"Ticket 100000 ARS; app fee 10000 (10%); distributable 90000; target payout 115000"
4,split,Investment2,Investment1,Aggressive Alpha,40,90000,0,90000.00,50000.00,20000.00,90000.00,165000.00,"Waterfall split 90000 ARS from Investment2 → Investment1 (90000/140000)"
5,subscription,Investment3,platform,Stable Yield,10,100000,10000,0.00,110000.00,30000.00,90000.00,275000.00,"Ticket 100000 ARS; app fee 10000 (10%); distributable 90000; target payout 110000"
6,split,Investment3,Investment1,Aggressive Alpha,40,50000,0,140000.00,0.00,30000.00,90000.00,225000.00,"Waterfall split 50000 ARS from Investment3 → Investment1 (140000/140000)"
7,payout_closed,Investment3,Investment1,Aggressive Alpha,40,140000,0,140000.00,0.00,30000.00,90000.00,225000.00,"Payout closed for Investment1: 140000 ARS (40%) funded via marketplace splits"
8,split,Investment3,Investment2,Balanced Growth,15,40000,0,40000.00,75000.00,30000.00,90000.00,185000.00,"Waterfall split 40000 ARS from Investment3 → Investment2 (40000/115000)"
9,subscription,Investment4,platform,Stable Yield,10,100000,10000,0.00,110000.00,40000.00,90000.00,295000.00,"Ticket 100000 ARS; app fee 10000 (10%); distributable 90000; target payout 110000"
10,split,Investment4,Investment2,Balanced Growth,15,75000,0,115000.00,0.00,40000.00,90000.00,220000.00,"Waterfall split 75000 ARS from Investment4 → Investment2 (115000/115000)"
11,payout_closed,Investment4,Investment2,Balanced Growth,15,115000,0,115000.00,0.00,40000.00,90000.00,220000.00,"Payout closed for Investment2: 115000 ARS (15%) funded via marketplace splits"
12,split,Investment4,Investment3,Stable Yield,10,15000,0,15000.00,95000.00,40000.00,90000.00,205000.00,"Waterfall split 15000 ARS from Investment4 → Investment3 (15000/110000)"
13,subscription,Investment5,platform,Stable Yield,10,100000,10000,0.00,110000.00,50000.00,90000.00,315000.00,"Ticket 100000 ARS; app fee 10000 (10%); distributable 90000; target payout 110000"
14,split,Investment5,Investment3,Stable Yield,10,90000,0,105000.00,5000.00,50000.00,90000.00,225000.00,"Waterfall split 90000 ARS from Investment5 → Investment3 (105000/110000)"
15,subscription,Investment6,platform,Capital Shield,6,100000,10000,0.00,106000.00,60000.00,90000.00,331000.00,"Ticket 100000 ARS; app fee 10000 (10%); distributable 90000; target payout 106000"
16,split,Investment6,Investment3,Stable Yield,10,5000,0,110000.00,0.00,60000.00,90000.00,326000.00,"Waterfall split 5000 ARS from Investment6 → Investment3 (110000/110000)"
17,payout_closed,Investment6,Investment3,Stable Yield,10,110000,0,110000.00,0.00,60000.00,90000.00,326000.00,"Payout closed for Investment3: 110000 ARS (10%) funded via marketplace splits"
18,split,Investment6,Investment4,Stable Yield,10,85000,0,85000.00,25000.00,60000.00,90000.00,241000.00,"Waterfall split 85000 ARS from Investment6 → Investment4 (85000/110000)"
19,subscription,Investment7,platform,Capital Shield,6,100000,10000,0.00,106000.00,70000.00,90000.00,347000.00,"Ticket 100000 ARS; app fee 10000 (10%); distributable 90000; target payout 106000"
20,split,Investment7,Investment4,Stable Yield,10,25000,0,110000.00,0.00,70000.00,90000.00,322000.00,"Waterfall split 25000 ARS from Investment7 → Investment4 (110000/110000)"
21,payout_closed,Investment7,Investment4,Stable Yield,10,110000,0,110000.00,0.00,70000.00,90000.00,322000.00,"Payout closed for Investment4: 110000 ARS (10%) funded via marketplace splits"
22,split,Investment7,Investment5,Stable Yield,10,65000,0,65000.00,45000.00,70000.00,90000.00,257000.00,"Waterfall split 65000 ARS from Investment7 → Investment5 (65000/110000)"
23,subscription,Investment8,platform,Aggressive Alpha,40,100000,10000,0.00,140000.00,80000.00,90000.00,397000.00,"Ticket 100000 ARS; app fee 10000 (10%); distributable 90000; target payout 140000"
24,split,Investment8,Investment5,Stable Yield,10,45000,0,110000.00,0.00,80000.00,90000.00,352000.00,"Waterfall split 45000 ARS from Investment8 → Investment5 (110000/110000)"
25,payout_closed,Investment8,Investment5,Stable Yield,10,110000,0,110000.00,0.00,80000.00,90000.00,352000.00,"Payout closed for Investment5: 110000 ARS (10%) funded via marketplace splits"
26,split,Investment8,Investment6,Capital Shield,6,45000,0,45000.00,61000.00,80000.00,90000.00,307000.00,"Waterfall split 45000 ARS from Investment8 → Investment6 (45000/106000)"
27,subscription,Investment9,platform,Aggressive Alpha,40,100000,10000,0.00,140000.00,90000.00,90000.00,447000.00,"Ticket 100000 ARS; app fee 10000 (10%); distributable 90000; target payout 140000"
28,split,Investment9,Investment6,Capital Shield,6,61000,0,106000.00,0.00,90000.00,90000.00,386000.00,"Waterfall split 61000 ARS from Investment9 → Investment6 (106000/106000)"
29,payout_closed,Investment9,Investment6,Capital Shield,6,106000,0,106000.00,0.00,90000.00,90000.00,386000.00,"Payout closed for Investment6: 106000 ARS (6%) funded via marketplace splits"
30,split,Investment9,Investment7,Capital Shield,6,29000,0,29000.00,77000.00,90000.00,90000.00,357000.00,"Waterfall split 29000 ARS from Investment9 → Investment7 (29000/106000)"
31,subscription,Investment10,platform,Capital Shield,6,100000,10000,0.00,106000.00,100000.00,90000.00,463000.00,"Ticket 100000 ARS; app fee 10000 (10%); distributable 90000; target payout 106000"
32,split,Investment10,Investment7,Capital Shield,6,77000,0,106000.00,0.00,100000.00,90000.00,386000.00,"Waterfall split 77000 ARS from Investment10 → Investment7 (106000/106000)"
33,payout_closed,Investment10,Investment7,Capital Shield,6,106000,0,106000.00,0.00,100000.00,90000.00,386000.00,"Payout closed for Investment7: 106000 ARS (6%) funded via marketplace splits"
34,split,Investment10,Investment8,Aggressive Alpha,40,13000,0,13000.00,127000.00,100000.00,90000.00,373000.00,"Waterfall split 13000 ARS from Investment10 → Investment8 (13000/140000)"
35,subscription,Investment11,platform,Balanced Growth,15,100000,10000,0.00,115000.00,110000.00,90000.00,488000.00,"Ticket 100000 ARS; app fee 10000 (10%); distributable 90000; target payout 115000"
36,split,Investment11,Investment8,Aggressive Alpha,40,90000,0,103000.00,37000.00,110000.00,90000.00,398000.00,"Waterfall split 90000 ARS from Investment11 → Investment8 (103000/140000)"
37,subscription,Investment12,platform,Balanced Growth,15,100000,10000,0.00,115000.00,120000.00,90000.00,513000.00,"Ticket 100000 ARS; app fee 10000 (10%); distributable 90000; target payout 115000"
38,split,Investment12,Investment8,Aggressive Alpha,40,37000,0,140000.00,0.00,120000.00,90000.00,476000.00,"Waterfall split 37000 ARS from Investment12 → Investment8 (140000/140000)"
39,payout_closed,Investment12,Investment8,Aggressive Alpha,40,140000,0,140000.00,0.00,120000.00,90000.00,476000.00,"Payout closed for Investment8: 140000 ARS (40%) funded via marketplace splits"
40,split,Investment12,Investment9,Aggressive Alpha,40,53000,0,53000.00,87000.00,120000.00,90000.00,423000.00,"Waterfall split 53000 ARS from Investment12 → Investment9 (53000/140000)"
41,subscription,Investment13,platform,Balanced Growth,15,100000,10000,0.00,115000.00,130000.00,90000.00,538000.00,"Ticket 100000 ARS; app fee 10000 (10%); distributable 90000; target payout 115000"
42,split,Investment13,Investment9,Aggressive Alpha,40,87000,0,140000.00,0.00,130000.00,90000.00,451000.00,"Waterfall split 87000 ARS from Investment13 → Investment9 (140000/140000)"
43,payout_closed,Investment13,Investment9,Aggressive Alpha,40,140000,0,140000.00,0.00,130000.00,90000.00,451000.00,"Payout closed for Investment9: 140000 ARS (40%) funded via marketplace splits"
44,split,Investment13,Investment10,Capital Shield,6,3000,0,3000.00,103000.00,130000.00,90000.00,448000.00,"Waterfall split 3000 ARS from Investment13 → Investment10 (3000/106000)"
45,subscription,Investment14,platform,Balanced Growth,15,100000,10000,0.00,115000.00,140000.00,90000.00,563000.00,"Ticket 100000 ARS; app fee 10000 (10%); distributable 90000; target payout 115000"
46,split,Investment14,Investment10,Capital Shield,6,90000,0,93000.00,13000.00,140000.00,90000.00,473000.00,"Waterfall split 90000 ARS from Investment14 → Investment10 (93000/106000)"
47,subscription,Investment15,platform,Stable Yield,10,100000,10000,0.00,110000.00,150000.00,90000.00,583000.00,"Ticket 100000 ARS; app fee 10000 (10%); distributable 90000; target payout 110000"
48,split,Investment15,Investment10,Capital Shield,6,13000,0,106000.00,0.00,150000.00,90000.00,570000.00,"Waterfall split 13000 ARS from Investment15 → Investment10 (106000/106000)"
49,payout_closed,Investment15,Investment10,Capital Shield,6,106000,0,106000.00,0.00,150000.00,90000.00,570000.00,"Payout closed for Investment10: 106000 ARS (6%) funded via marketplace splits"
50,split,Investment15,Investment11,Balanced Growth,15,77000,0,77000.00,38000.00,150000.00,90000.00,493000.00,"Waterfall split 77000 ARS from Investment15 → Investment11 (77000/115000)"
51,subscription,Investment16,platform,Growth Partners,25,100000,10000,0.00,125000.00,160000.00,90000.00,618000.00,"Ticket 100000 ARS; app fee 10000 (10%); distributable 90000; target payout 125000"
52,split,Investment16,Investment11,Balanced Growth,15,38000,0,115000.00,0.00,160000.00,90000.00,580000.00,"Waterfall split 38000 ARS from Investment16 → Investment11 (115000/115000)"
53,payout_closed,Investment16,Investment11,Balanced Growth,15,115000,0,115000.00,0.00,160000.00,90000.00,580000.00,"Payout closed for Investment11: 115000 ARS (15%) funded via marketplace splits"
54,split,Investment16,Investment12,Balanced Growth,15,52000,0,52000.00,63000.00,160000.00,90000.00,528000.00,"Waterfall split 52000 ARS from Investment16 → Investment12 (52000/115000)"
55,subscription,Investment17,platform,Capital Shield,6,100000,10000,0.00,106000.00,170000.00,90000.00,634000.00,"Ticket 100000 ARS; app fee 10000 (10%); distributable 90000; target payout 106000"
56,split,Investment17,Investment12,Balanced Growth,15,63000,0,115000.00,0.00,170000.00,90000.00,571000.00,"Waterfall split 63000 ARS from Investment17 → Investment12 (115000/115000)"
57,payout_closed,Investment17,Investment12,Balanced Growth,15,115000,0,115000.00,0.00,170000.00,90000.00,571000.00,"Payout closed for Investment12: 115000 ARS (15%) funded via marketplace splits"
58,split,Investment17,Investment13,Balanced Growth,15,27000,0,27000.00,88000.00,170000.00,90000.00,544000.00,"Waterfall split 27000 ARS from Investment17 → Investment13 (27000/115000)"
59,subscription,Investment18,platform,Growth Partners,25,100000,10000,0.00,125000.00,180000.00,90000.00,669000.00,"Ticket 100000 ARS; app fee 10000 (10%); distributable 90000; target payout 125000"
60,split,Investment18,Investment13,Balanced Growth,15,88000,0,115000.00,0.00,180000.00,90000.00,581000.00,"Waterfall split 88000 ARS from Investment18 → Investment13 (115000/115000)"
61,payout_closed,Investment18,Investment13,Balanced Growth,15,115000,0,115000.00,0.00,180000.00,90000.00,581000.00,"Payout closed for Investment13: 115000 ARS (15%) funded via marketplace splits"
62,split,Investment18,Investment14,Balanced Growth,15,2000,0,2000.00,113000.00,180000.00,90000.00,579000.00,"Waterfall split 2000 ARS from Investment18 → Investment14 (2000/115000)"
63,subscription,Investment19,platform,Capital Shield,6,100000,10000,0.00,106000.00,190000.00,90000.00,685000.00,"Ticket 100000 ARS; app fee 10000 (10%); distributable 90000; target payout 106000"
64,split,Investment19,Investment14,Balanced Growth,15,90000,0,92000.00,23000.00,190000.00,90000.00,595000.00,"Waterfall split 90000 ARS from Investment19 → Investment14 (92000/115000)"
65,subscription,Investment20,platform,Stable Yield,10,100000,10000,0.00,110000.00,200000.00,90000.00,705000.00,"Ticket 100000 ARS; app fee 10000 (10%); distributable 90000; target payout 110000"
66,split,Investment20,Investment14,Balanced Growth,15,23000,0,115000.00,0.00,200000.00,90000.00,682000.00,"Waterfall split 23000 ARS from Investment20 → Investment14 (115000/115000)"
67,payout_closed,Investment20,Investment14,Balanced Growth,15,115000,0,115000.00,0.00,200000.00,90000.00,682000.00,"Payout closed for Investment14: 115000 ARS (15%) funded via marketplace splits"
68,split,Investment20,Investment15,Stable Yield,10,67000,0,67000.00,43000.00,200000.00,90000.00,615000.00,"Waterfall split 67000 ARS from Investment20 → Investment15 (67000/110000)"
69,subscription,Investment21,platform,Balanced Growth,15,100000,10000,0.00,115000.00,210000.00,90000.00,730000.00,"Ticket 100000 ARS; app fee 10000 (10%); distributable 90000; target payout 115000"
70,split,Investment21,Investment15,Stable Yield,10,43000,0,110000.00,0.00,210000.00,90000.00,687000.00,"Waterfall split 43000 ARS from Investment21 → Investment15 (110000/110000)"
71,payout_closed,Investment21,Investment15,Stable Yield,10,110000,0,110000.00,0.00,210000.00,90000.00,687000.00,"Payout closed for Investment15: 110000 ARS (10%) funded via marketplace splits"
72,split,Investment21,Investment16,Growth Partners,25,47000,0,47000.00,78000.00,210000.00,90000.00,640000.00,"Waterfall split 47000 ARS from Investment21 → Investment16 (47000/125000)"
73,subscription,Investment22,platform,Balanced Growth,15,100000,10000,0.00,115000.00,220000.00,90000.00,755000.00,"Ticket 100000 ARS; app fee 10000 (10%); distributable 90000; target payout 115000"
74,split,Investment22,Investment16,Growth Partners,25,78000,0,125000.00,0.00,220000.00,90000.00,677000.00,"Waterfall split 78000 ARS from Investment22 → Investment16 (125000/125000)"
75,payout_closed,Investment22,Investment16,Growth Partners,25,125000,0,125000.00,0.00,220000.00,90000.00,677000.00,"Payout closed for Investment16: 125000 ARS (25%) funded via marketplace splits"
76,split,Investment22,Investment17,Capital Shield,6,12000,0,12000.00,94000.00,220000.00,90000.00,665000.00,"Waterfall split 12000 ARS from Investment22 → Investment17 (12000/106000)"
77,subscription,Investment23,platform,Stable Yield,10,100000,10000,0.00,110000.00,230000.00,90000.00,775000.00,"Ticket 100000 ARS; app fee 10000 (10%); distributable 90000; target payout 110000"
78,split,Investment23,Investment17,Capital Shield,6,90000,0,102000.00,4000.00,230000.00,90000.00,685000.00,"Waterfall split 90000 ARS from Investment23 → Investment17 (102000/106000)"
79,subscription,Investment24,platform,Balanced Growth,15,100000,10000,0.00,115000.00,240000.00,90000.00,800000.00,"Ticket 100000 ARS; app fee 10000 (10%); distributable 90000; target payout 115000"
80,split,Investment24,Investment17,Capital Shield,6,4000,0,106000.00,0.00,240000.00,90000.00,796000.00,"Waterfall split 4000 ARS from Investment24 → Investment17 (106000/106000)"
81,payout_closed,Investment24,Investment17,Capital Shield,6,106000,0,106000.00,0.00,240000.00,90000.00,796000.00,"Payout closed for Investment17: 106000 ARS (6%) funded via marketplace splits"
82,split,Investment24,Investment18,Growth Partners,25,86000,0,86000.00,39000.00,240000.00,90000.00,710000.00,"Waterfall split 86000 ARS from Investment24 → Investment18 (86000/125000)"
83,subscription,Investment25,platform,Growth Partners,25,100000,10000,0.00,125000.00,250000.00,90000.00,835000.00,"Ticket 100000 ARS; app fee 10000 (10%); distributable 90000; target payout 125000"
84,split,Investment25,Investment18,Growth Partners,25,39000,0,125000.00,0.00,250000.00,90000.00,796000.00,"Waterfall split 39000 ARS from Investment25 → Investment18 (125000/125000)"
85,payout_closed,Investment25,Investment18,Growth Partners,25,125000,0,125000.00,0.00,250000.00,90000.00,796000.00,"Payout closed for Investment18: 125000 ARS (25%) funded via marketplace splits"
86,split,Investment25,Investment19,Capital Shield,6,51000,0,51000.00,55000.00,250000.00,90000.00,745000.00,"Waterfall split 51000 ARS from Investment25 → Investment19 (51000/106000)"
87,subscription,Investment26,platform,Balanced Growth,15,100000,10000,0.00,115000.00,260000.00,90000.00,860000.00,"Ticket 100000 ARS; app fee 10000 (10%); distributable 90000; target payout 115000"
88,split,Investment26,Investment19,Capital Shield,6,55000,0,106000.00,0.00,260000.00,90000.00,805000.00,"Waterfall split 55000 ARS from Investment26 → Investment19 (106000/106000)"
89,payout_closed,Investment26,Investment19,Capital Shield,6,106000,0,106000.00,0.00,260000.00,90000.00,805000.00,"Payout closed for Investment19: 106000 ARS (6%) funded via marketplace splits"
90,split,Investment26,Investment20,Stable Yield,10,35000,0,35000.00,75000.00,260000.00,90000.00,770000.00,"Waterfall split 35000 ARS from Investment26 → Investment20 (35000/110000)"
91,subscription,Investment27,platform,Growth Partners,25,100000,10000,0.00,125000.00,270000.00,90000.00,895000.00,"Ticket 100000 ARS; app fee 10000 (10%); distributable 90000; target payout 125000"
92,split,Investment27,Investment20,Stable Yield,10,75000,0,110000.00,0.00,270000.00,90000.00,820000.00,"Waterfall split 75000 ARS from Investment27 → Investment20 (110000/110000)"
93,payout_closed,Investment27,Investment20,Stable Yield,10,110000,0,110000.00,0.00,270000.00,90000.00,820000.00,"Payout closed for Investment20: 110000 ARS (10%) funded via marketplace splits"
94,split,Investment27,Investment21,Balanced Growth,15,15000,0,15000.00,100000.00,270000.00,90000.00,805000.00,"Waterfall split 15000 ARS from Investment27 → Investment21 (15000/115000)"
95,subscription,Investment28,platform,Stable Yield,10,100000,10000,0.00,110000.00,280000.00,90000.00,915000.00,"Ticket 100000 ARS; app fee 10000 (10%); distributable 90000; target payout 110000"
96,split,Investment28,Investment21,Balanced Growth,15,90000,0,105000.00,10000.00,280000.00,90000.00,825000.00,"Waterfall split 90000 ARS from Investment28 → Investment21 (105000/115000)"
97,subscription,Investment29,platform,Aggressive Alpha,40,100000,10000,0.00,140000.00,290000.00,90000.00,965000.00,"Ticket 100000 ARS; app fee 10000 (10%); distributable 90000; target payout 140000"
98,split,Investment29,Investment21,Balanced Growth,15,10000,0,115000.00,0.00,290000.00,90000.00,955000.00,"Waterfall split 10000 ARS from Investment29 → Investment21 (115000/115000)"
99,payout_closed,Investment29,Investment21,Balanced Growth,15,115000,0,115000.00,0.00,290000.00,90000.00,955000.00,"Payout closed for Investment21: 115000 ARS (15%) funded via marketplace splits"
100,split,Investment29,Investment22,Balanced Growth,15,80000,0,80000.00,35000.00,290000.00,90000.00,875000.00,"Waterfall split 80000 ARS from Investment29 → Investment22 (80000/115000)"
101,subscription,Investment30,platform,Capital Shield,6,100000,10000,0.00,106000.00,300000.00,90000.00,981000.00,"Ticket 100000 ARS; app fee 10000 (10%); distributable 90000; target payout 106000"
102,split,Investment30,Investment22,Balanced Growth,15,35000,0,115000.00,0.00,300000.00,90000.00,946000.00,"Waterfall split 35000 ARS from Investment30 → Investment22 (115000/115000)"
103,payout_closed,Investment30,Investment22,Balanced Growth,15,115000,0,115000.00,0.00,300000.00,90000.00,946000.00,"Payout closed for Investment22: 115000 ARS (15%) funded via marketplace splits"
104,split,Investment30,Investment23,Stable Yield,10,55000,0,55000.00,55000.00,300000.00,90000.00,891000.00,"Waterfall split 55000 ARS from Investment30 → Investment23 (55000/110000)"
105,subscription,Investment31,platform,Growth Partners,25,100000,10000,0.00,125000.00,310000.00,90000.00,1016000.00,"Ticket 100000 ARS; app fee 10000 (10%); distributable 90000; target payout 125000"
106,split,Investment31,Investment23,Stable Yield,10,55000,0,110000.00,0.00,310000.00,90000.00,961000.00,"Waterfall split 55000 ARS from Investment31 → Investment23 (110000/110000)"
107,payout_closed,Investment31,Investment23,Stable Yield,10,110000,0,110000.00,0.00,310000.00,90000.00,961000.00,"Payout closed for Investment23: 110000 ARS (10%) funded via marketplace splits"
108,split,Investment31,Investment24,Balanced Growth,15,35000,0,35000.00,80000.00,310000.00,90000.00,926000.00,"Waterfall split 35000 ARS from Investment31 → Investment24 (35000/115000)"
109,subscription,Investment32,platform,Capital Shield,6,100000,10000,0.00,106000.00,320000.00,90000.00,1032000.00,"Ticket 100000 ARS; app fee 10000 (10%); distributable 90000; target payout 106000"
110,split,Investment32,Investment24,Balanced Growth,15,80000,0,115000.00,0.00,320000.00,90000.00,952000.00,"Waterfall split 80000 ARS from Investment32 → Investment24 (115000/115000)"
111,payout_closed,Investment32,Investment24,Balanced Growth,15,115000,0,115000.00,0.00,320000.00,90000.00,952000.00,"Payout closed for Investment24: 115000 ARS (15%) funded via marketplace splits"
112,split,Investment32,Investment25,Growth Partners,25,10000,0,10000.00,115000.00,320000.00,90000.00,942000.00,"Waterfall split 10000 ARS from Investment32 → Investment25 (10000/125000)"
113,subscription,Investment33,platform,Capital Shield,6,100000,10000,0.00,106000.00,330000.00,90000.00,1048000.00,"Ticket 100000 ARS; app fee 10000 (10%); distributable 90000; target payout 106000"
114,split,Investment33,Investment25,Growth Partners,25,90000,0,100000.00,25000.00,330000.00,90000.00,958000.00,"Waterfall split 90000 ARS from Investment33 → Investment25 (100000/125000)"
115,subscription,Investment34,platform,Balanced Growth,15,100000,10000,0.00,115000.00,340000.00,90000.00,1073000.00,"Ticket 100000 ARS; app fee 10000 (10%); distributable 90000; target payout 115000"
116,split,Investment34,Investment25,Growth Partners,25,25000,0,125000.00,0.00,340000.00,90000.00,1048000.00,"Waterfall split 25000 ARS from Investment34 → Investment25 (125000/125000)"
117,payout_closed,Investment34,Investment25,Growth Partners,25,125000,0,125000.00,0.00,340000.00,90000.00,1048000.00,"Payout closed for Investment25: 125000 ARS (25%) funded via marketplace splits"
118,split,Investment34,Investment26,Balanced Growth,15,65000,0,65000.00,50000.00,340000.00,90000.00,983000.00,"Waterfall split 65000 ARS from Investment34 → Investment26 (65000/115000)"
119,subscription,Investment35,platform,Aggressive Alpha,40,100000,10000,0.00,140000.00,350000.00,90000.00,1123000.00,"Ticket 100000 ARS; app fee 10000 (10%); distributable 90000; target payout 140000"
120,split,Investment35,Investment26,Balanced Growth,15,50000,0,115000.00,0.00,350000.00,90000.00,1073000.00,"Waterfall split 50000 ARS from Investment35 → Investment26 (115000/115000)"
121,payout_closed,Investment35,Investment26,Balanced Growth,15,115000,0,115000.00,0.00,350000.00,90000.00,1073000.00,"Payout closed for Investment26: 115000 ARS (15%) funded via marketplace splits"
122,split,Investment35,Investment27,Growth Partners,25,40000,0,40000.00,85000.00,350000.00,90000.00,1033000.00,"Waterfall split 40000 ARS from Investment35 → Investment27 (40000/125000)"
123,subscription,Investment36,platform,Stable Yield,10,100000,10000,0.00,110000.00,360000.00,90000.00,1143000.00,"Ticket 100000 ARS; app fee 10000 (10%); distributable 90000; target payout 110000"
124,split,Investment36,Investment27,Growth Partners,25,85000,0,125000.00,0.00,360000.00,90000.00,1058000.00,"Waterfall split 85000 ARS from Investment36 → Investment27 (125000/125000)"
125,payout_closed,Investment36,Investment27,Growth Partners,25,125000,0,125000.00,0.00,360000.00,90000.00,1058000.00,"Payout closed for Investment27: 125000 ARS (25%) funded via marketplace splits"
126,split,Investment36,Investment28,Stable Yield,10,5000,0,5000.00,105000.00,360000.00,90000.00,1053000.00,"Waterfall split 5000 ARS from Investment36 → Investment28 (5000/110000)"
127,subscription,Investment37,platform,Balanced Growth,15,100000,10000,0.00,115000.00,370000.00,90000.00,1168000.00,"Ticket 100000 ARS; app fee 10000 (10%); distributable 90000; target payout 115000"
128,split,Investment37,Investment28,Stable Yield,10,90000,0,95000.00,15000.00,370000.00,90000.00,1078000.00,"Waterfall split 90000 ARS from Investment37 → Investment28 (95000/110000)"
129,subscription,Investment38,platform,Growth Partners,25,100000,10000,0.00,125000.00,380000.00,90000.00,1203000.00,"Ticket 100000 ARS; app fee 10000 (10%); distributable 90000; target payout 125000"
130,split,Investment38,Investment28,Stable Yield,10,15000,0,110000.00,0.00,380000.00,90000.00,1188000.00,"Waterfall split 15000 ARS from Investment38 → Investment28 (110000/110000)"
131,payout_closed,Investment38,Investment28,Stable Yield,10,110000,0,110000.00,0.00,380000.00,90000.00,1188000.00,"Payout closed for Investment28: 110000 ARS (10%) funded via marketplace splits"
132,split,Investment38,Investment29,Aggressive Alpha,40,75000,0,75000.00,65000.00,380000.00,90000.00,1113000.00,"Waterfall split 75000 ARS from Investment38 → Investment29 (75000/140000)"
133,subscription,Investment39,platform,Aggressive Alpha,40,100000,10000,0.00,140000.00,390000.00,90000.00,1253000.00,"Ticket 100000 ARS; app fee 10000 (10%); distributable 90000; target payout 140000"
134,split,Investment39,Investment29,Aggressive Alpha,40,65000,0,140000.00,0.00,390000.00,90000.00,1188000.00,"Waterfall split 65000 ARS from Investment39 → Investment29 (140000/140000)"
135,payout_closed,Investment39,Investment29,Aggressive Alpha,40,140000,0,140000.00,0.00,390000.00,90000.00,1188000.00,"Payout closed for Investment29: 140000 ARS (40%) funded via marketplace splits"
136,split,Investment39,Investment30,Capital Shield,6,25000,0,25000.00,81000.00,390000.00,90000.00,1163000.00,"Waterfall split 25000 ARS from Investment39 → Investment30 (25000/106000)"
137,subscription,Investment40,platform,Growth Partners,25,100000,10000,0.00,125000.00,400000.00,90000.00,1288000.00,"Ticket 100000 ARS; app fee 10000 (10%); distributable 90000; target payout 125000"
138,split,Investment40,Investment30,Capital Shield,6,81000,0,106000.00,0.00,400000.00,90000.00,1207000.00,"Waterfall split 81000 ARS from Investment40 → Investment30 (106000/106000)"
139,payout_closed,Investment40,Investment30,Capital Shield,6,106000,0,106000.00,0.00,400000.00,90000.00,1207000.00,"Payout closed for Investment30: 106000 ARS (6%) funded via marketplace splits"
140,split,Investment40,Investment31,Growth Partners,25,9000,0,9000.00,116000.00,400000.00,90000.00,1198000.00,"Waterfall split 9000 ARS from Investment40 → Investment31 (9000/125000)"
141,subscription,Investment41,platform,Stable Yield,10,100000,10000,0.00,110000.00,410000.00,90000.00,1308000.00,"Ticket 100000 ARS; app fee 10000 (10%); distributable 90000; target payout 110000"
142,split,Investment41,Investment31,Growth Partners,25,90000,0,99000.00,26000.00,410000.00,90000.00,1218000.00,"Waterfall split 90000 ARS from Investment41 → Investment31 (99000/125000)"
143,subscription,Investment42,platform,Growth Partners,25,100000,10000,0.00,125000.00,420000.00,90000.00,1343000.00,"Ticket 100000 ARS; app fee 10000 (10%); distributable 90000; target payout 125000"
144,split,Investment42,Investment31,Growth Partners,25,26000,0,125000.00,0.00,420000.00,90000.00,1317000.00,"Waterfall split 26000 ARS from Investment42 → Investment31 (125000/125000)"
145,payout_closed,Investment42,Investment31,Growth Partners,25,125000,0,125000.00,0.00,420000.00,90000.00,1317000.00,"Payout closed for Investment31: 125000 ARS (25%) funded via marketplace splits"
146,split,Investment42,Investment32,Capital Shield,6,64000,0,64000.00,42000.00,420000.00,90000.00,1253000.00,"Waterfall split 64000 ARS from Investment42 → Investment32 (64000/106000)"
147,subscription,Investment43,platform,Growth Partners,25,100000,10000,0.00,125000.00,430000.00,90000.00,1378000.00,"Ticket 100000 ARS; app fee 10000 (10%); distributable 90000; target payout 125000"
148,split,Investment43,Investment32,Capital Shield,6,42000,0,106000.00,0.00,430000.00,90000.00,1336000.00,"Waterfall split 42000 ARS from Investment43 → Investment32 (106000/106000)"
149,payout_closed,Investment43,Investment32,Capital Shield,6,106000,0,106000.00,0.00,430000.00,90000.00,1336000.00,"Payout closed for Investment32: 106000 ARS (6%) funded via marketplace splits"
150,split,Investment43,Investment33,Capital Shield,6,48000,0,48000.00,58000.00,430000.00,90000.00,1288000.00,"Waterfall split 48000 ARS from Investment43 → Investment33 (48000/106000)"
151,subscription,Investment44,platform,Aggressive Alpha,40,100000,10000,0.00,140000.00,440000.00,90000.00,1428000.00,"Ticket 100000 ARS; app fee 10000 (10%); distributable 90000; target payout 140000"
152,split,Investment44,Investment33,Capital Shield,6,58000,0,106000.00,0.00,440000.00,90000.00,1370000.00,"Waterfall split 58000 ARS from Investment44 → Investment33 (106000/106000)"
153,payout_closed,Investment44,Investment33,Capital Shield,6,106000,0,106000.00,0.00,440000.00,90000.00,1370000.00,"Payout closed for Investment33: 106000 ARS (6%) funded via marketplace splits"
154,split,Investment44,Investment34,Balanced Growth,15,32000,0,32000.00,83000.00,440000.00,90000.00,1338000.00,"Waterfall split 32000 ARS from Investment44 → Investment34 (32000/115000)"
155,subscription,Investment45,platform,Aggressive Alpha,40,100000,10000,0.00,140000.00,450000.00,90000.00,1478000.00,"Ticket 100000 ARS; app fee 10000 (10%); distributable 90000; target payout 140000"
156,split,Investment45,Investment34,Balanced Growth,15,83000,0,115000.00,0.00,450000.00,90000.00,1395000.00,"Waterfall split 83000 ARS from Investment45 → Investment34 (115000/115000)"
157,payout_closed,Investment45,Investment34,Balanced Growth,15,115000,0,115000.00,0.00,450000.00,90000.00,1395000.00,"Payout closed for Investment34: 115000 ARS (15%) funded via marketplace splits"
158,split,Investment45,Investment35,Aggressive Alpha,40,7000,0,7000.00,133000.00,450000.00,90000.00,1388000.00,"Waterfall split 7000 ARS from Investment45 → Investment35 (7000/140000)"
159,subscription,Investment46,platform,Aggressive Alpha,40,100000,10000,0.00,140000.00,460000.00,90000.00,1528000.00,"Ticket 100000 ARS; app fee 10000 (10%); distributable 90000; target payout 140000"
160,split,Investment46,Investment35,Aggressive Alpha,40,90000,0,97000.00,43000.00,460000.00,90000.00,1438000.00,"Waterfall split 90000 ARS from Investment46 → Investment35 (97000/140000)"
161,subscription,Investment47,platform,Growth Partners,25,100000,10000,0.00,125000.00,470000.00,90000.00,1563000.00,"Ticket 100000 ARS; app fee 10000 (10%); distributable 90000; target payout 125000"
162,split,Investment47,Investment35,Aggressive Alpha,40,43000,0,140000.00,0.00,470000.00,90000.00,1520000.00,"Waterfall split 43000 ARS from Investment47 → Investment35 (140000/140000)"
163,payout_closed,Investment47,Investment35,Aggressive Alpha,40,140000,0,140000.00,0.00,470000.00,90000.00,1520000.00,"Payout closed for Investment35: 140000 ARS (40%) funded via marketplace splits"
164,split,Investment47,Investment36,Stable Yield,10,47000,0,47000.00,63000.00,470000.00,90000.00,1473000.00,"Waterfall split 47000 ARS from Investment47 → Investment36 (47000/110000)"
165,subscription,Investment48,platform,Capital Shield,6,100000,10000,0.00,106000.00,480000.00,90000.00,1579000.00,"Ticket 100000 ARS; app fee 10000 (10%); distributable 90000; target payout 106000"
166,split,Investment48,Investment36,Stable Yield,10,63000,0,110000.00,0.00,480000.00,90000.00,1516000.00,"Waterfall split 63000 ARS from Investment48 → Investment36 (110000/110000)"
167,payout_closed,Investment48,Investment36,Stable Yield,10,110000,0,110000.00,0.00,480000.00,90000.00,1516000.00,"Payout closed for Investment36: 110000 ARS (10%) funded via marketplace splits"
168,split,Investment48,Investment37,Balanced Growth,15,27000,0,27000.00,88000.00,480000.00,90000.00,1489000.00,"Waterfall split 27000 ARS from Investment48 → Investment37 (27000/115000)"
169,subscription,Investment49,platform,Stable Yield,10,100000,10000,0.00,110000.00,490000.00,90000.00,1599000.00,"Ticket 100000 ARS; app fee 10000 (10%); distributable 90000; target payout 110000"
170,split,Investment49,Investment37,Balanced Growth,15,88000,0,115000.00,0.00,490000.00,90000.00,1511000.00,"Waterfall split 88000 ARS from Investment49 → Investment37 (115000/115000)"
171,payout_closed,Investment49,Investment37,Balanced Growth,15,115000,0,115000.00,0.00,490000.00,90000.00,1511000.00,"Payout closed for Investment37: 115000 ARS (15%) funded via marketplace splits"
172,split,Investment49,Investment38,Growth Partners,25,2000,0,2000.00,123000.00,490000.00,90000.00,1509000.00,"Waterfall split 2000 ARS from Investment49 → Investment38 (2000/125000)"
173,subscription,Investment50,platform,Balanced Growth,15,100000,10000,0.00,115000.00,500000.00,90000.00,1624000.00,"Ticket 100000 ARS; app fee 10000 (10%); distributable 90000; target payout 115000"
174,split,Investment50,Investment38,Growth Partners,25,90000,0,92000.00,33000.00,500000.00,90000.00,1534000.00,"Waterfall split 90000 ARS from Investment50 → Investment38 (92000/125000)"
175,subscription,Investment51,platform,Balanced Growth,15,100000,10000,0.00,115000.00,510000.00,90000.00,1649000.00,"Ticket 100000 ARS; app fee 10000 (10%); distributable 90000; target payout 115000"
176,split,Investment51,Investment38,Growth Partners,25,33000,0,125000.00,0.00,510000.00,90000.00,1616000.00,"Waterfall split 33000 ARS from Investment51 → Investment38 (125000/125000)"
177,payout_closed,Investment51,Investment38,Growth Partners,25,125000,0,125000.00,0.00,510000.00,90000.00,1616000.00,"Payout closed for Investment38: 125000 ARS (25%) funded via marketplace splits"
178,split,Investment51,Investment39,Aggressive Alpha,40,57000,0,57000.00,83000.00,510000.00,90000.00,1559000.00,"Waterfall split 57000 ARS from Investment51 → Investment39 (57000/140000)"
179,subscription,Investment52,platform,Aggressive Alpha,40,100000,10000,0.00,140000.00,520000.00,90000.00,1699000.00,"Ticket 100000 ARS; app fee 10000 (10%); distributable 90000; target payout 140000"
180,split,Investment52,Investment39,Aggressive Alpha,40,83000,0,140000.00,0.00,520000.00,90000.00,1616000.00,"Waterfall split 83000 ARS from Investment52 → Investment39 (140000/140000)"
181,payout_closed,Investment52,Investment39,Aggressive Alpha,40,140000,0,140000.00,0.00,520000.00,90000.00,1616000.00,"Payout closed for Investment39: 140000 ARS (40%) funded via marketplace splits"
182,split,Investment52,Investment40,Growth Partners,25,7000,0,7000.00,118000.00,520000.00,90000.00,1609000.00,"Waterfall split 7000 ARS from Investment52 → Investment40 (7000/125000)"
183,subscription,Investment53,platform,Capital Shield,6,100000,10000,0.00,106000.00,530000.00,90000.00,1715000.00,"Ticket 100000 ARS; app fee 10000 (10%); distributable 90000; target payout 106000"
184,split,Investment53,Investment40,Growth Partners,25,90000,0,97000.00,28000.00,530000.00,90000.00,1625000.00,"Waterfall split 90000 ARS from Investment53 → Investment40 (97000/125000)"
185,subscription,Investment54,platform,Capital Shield,6,100000,10000,0.00,106000.00,540000.00,90000.00,1731000.00,"Ticket 100000 ARS; app fee 10000 (10%); distributable 90000; target payout 106000"
186,split,Investment54,Investment40,Growth Partners,25,28000,0,125000.00,0.00,540000.00,90000.00,1703000.00,"Waterfall split 28000 ARS from Investment54 → Investment40 (125000/125000)"
187,payout_closed,Investment54,Investment40,Growth Partners,25,125000,0,125000.00,0.00,540000.00,90000.00,1703000.00,"Payout closed for Investment40: 125000 ARS (25%) funded via marketplace splits"
188,split,Investment54,Investment41,Stable Yield,10,62000,0,62000.00,48000.00,540000.00,90000.00,1641000.00,"Waterfall split 62000 ARS from Investment54 → Investment41 (62000/110000)"
189,subscription,Investment55,platform,Growth Partners,25,100000,10000,0.00,125000.00,550000.00,90000.00,1766000.00,"Ticket 100000 ARS; app fee 10000 (10%); distributable 90000; target payout 125000"
190,split,Investment55,Investment41,Stable Yield,10,48000,0,110000.00,0.00,550000.00,90000.00,1718000.00,"Waterfall split 48000 ARS from Investment55 → Investment41 (110000/110000)"
191,payout_closed,Investment55,Investment41,Stable Yield,10,110000,0,110000.00,0.00,550000.00,90000.00,1718000.00,"Payout closed for Investment41: 110000 ARS (10%) funded via marketplace splits"
192,split,Investment55,Investment42,Growth Partners,25,42000,0,42000.00,83000.00,550000.00,90000.00,1676000.00,"Waterfall split 42000 ARS from Investment55 → Investment42 (42000/125000)"
193,subscription,Investment56,platform,Capital Shield,6,100000,10000,0.00,106000.00,560000.00,90000.00,1782000.00,"Ticket 100000 ARS; app fee 10000 (10%); distributable 90000; target payout 106000"
194,split,Investment56,Investment42,Growth Partners,25,83000,0,125000.00,0.00,560000.00,90000.00,1699000.00,"Waterfall split 83000 ARS from Investment56 → Investment42 (125000/125000)"
195,payout_closed,Investment56,Investment42,Growth Partners,25,125000,0,125000.00,0.00,560000.00,90000.00,1699000.00,"Payout closed for Investment42: 125000 ARS (25%) funded via marketplace splits"
196,split,Investment56,Investment43,Growth Partners,25,7000,0,7000.00,118000.00,560000.00,90000.00,1692000.00,"Waterfall split 7000 ARS from Investment56 → Investment43 (7000/125000)"
197,subscription,Investment57,platform,Stable Yield,10,100000,10000,0.00,110000.00,570000.00,90000.00,1802000.00,"Ticket 100000 ARS; app fee 10000 (10%); distributable 90000; target payout 110000"
198,split,Investment57,Investment43,Growth Partners,25,90000,0,97000.00,28000.00,570000.00,90000.00,1712000.00,"Waterfall split 90000 ARS from Investment57 → Investment43 (97000/125000)"
199,subscription,Investment58,platform,Growth Partners,25,100000,10000,0.00,125000.00,580000.00,90000.00,1837000.00,"Ticket 100000 ARS; app fee 10000 (10%); distributable 90000; target payout 125000"
200,split,Investment58,Investment43,Growth Partners,25,28000,0,125000.00,0.00,580000.00,90000.00,1809000.00,"Waterfall split 28000 ARS from Investment58 → Investment43 (125000/125000)"
201,payout_closed,Investment58,Investment43,Growth Partners,25,125000,0,125000.00,0.00,580000.00,90000.00,1809000.00,"Payout closed for Investment43: 125000 ARS (25%) funded via marketplace splits"
202,split,Investment58,Investment44,Aggressive Alpha,40,62000,0,62000.00,78000.00,580000.00,90000.00,1747000.00,"Waterfall split 62000 ARS from Investment58 → Investment44 (62000/140000)"
203,subscription,Investment59,platform,Growth Partners,25,100000,10000,0.00,125000.00,590000.00,90000.00,1872000.00,"Ticket 100000 ARS; app fee 10000 (10%); distributable 90000; target payout 125000"
204,split,Investment59,Investment44,Aggressive Alpha,40,78000,0,140000.00,0.00,590000.00,90000.00,1794000.00,"Waterfall split 78000 ARS from Investment59 → Investment44 (140000/140000)"
205,payout_closed,Investment59,Investment44,Aggressive Alpha,40,140000,0,140000.00,0.00,590000.00,90000.00,1794000.00,"Payout closed for Investment44: 140000 ARS (40%) funded via marketplace splits"
206,split,Investment59,Investment45,Aggressive Alpha,40,12000,0,12000.00,128000.00,590000.00,90000.00,1782000.00,"Waterfall split 12000 ARS from Investment59 → Investment45 (12000/140000)"
207,subscription,Investment60,platform,Stable Yield,10,100000,10000,0.00,110000.00,600000.00,90000.00,1892000.00,"Ticket 100000 ARS; app fee 10000 (10%); distributable 90000; target payout 110000"
208,split,Investment60,Investment45,Aggressive Alpha,40,90000,0,102000.00,38000.00,600000.00,90000.00,1802000.00,"Waterfall split 90000 ARS from Investment60 → Investment45 (102000/140000)"
209,subscription,Investment61,platform,Capital Shield,6,100000,10000,0.00,106000.00,610000.00,90000.00,1908000.00,"Ticket 100000 ARS; app fee 10000 (10%); distributable 90000; target payout 106000"
210,split,Investment61,Investment45,Aggressive Alpha,40,38000,0,140000.00,0.00,610000.00,90000.00,1870000.00,"Waterfall split 38000 ARS from Investment61 → Investment45 (140000/140000)"
211,payout_closed,Investment61,Investment45,Aggressive Alpha,40,140000,0,140000.00,0.00,610000.00,90000.00,1870000.00,"Payout closed for Investment45: 140000 ARS (40%) funded via marketplace splits"
212,split,Investment61,Investment46,Aggressive Alpha,40,52000,0,52000.00,88000.00,610000.00,90000.00,1818000.00,"Waterfall split 52000 ARS from Investment61 → Investment46 (52000/140000)"
213,subscription,Investment62,platform,Aggressive Alpha,40,100000,10000,0.00,140000.00,620000.00,90000.00,1958000.00,"Ticket 100000 ARS; app fee 10000 (10%); distributable 90000; target payout 140000"
214,split,Investment62,Investment46,Aggressive Alpha,40,88000,0,140000.00,0.00,620000.00,90000.00,1870000.00,"Waterfall split 88000 ARS from Investment62 → Investment46 (140000/140000)"
215,payout_closed,Investment62,Investment46,Aggressive Alpha,40,140000,0,140000.00,0.00,620000.00,90000.00,1870000.00,"Payout closed for Investment46: 140000 ARS (40%) funded via marketplace splits"
216,split,Investment62,Investment47,Growth Partners,25,2000,0,2000.00,123000.00,620000.00,90000.00,1868000.00,"Waterfall split 2000 ARS from Investment62 → Investment47 (2000/125000)"
217,subscription,Investment63,platform,Stable Yield,10,100000,10000,0.00,110000.00,630000.00,90000.00,1978000.00,"Ticket 100000 ARS; app fee 10000 (10%); distributable 90000; target payout 110000"
218,split,Investment63,Investment47,Growth Partners,25,90000,0,92000.00,33000.00,630000.00,90000.00,1888000.00,"Waterfall split 90000 ARS from Investment63 → Investment47 (92000/125000)"
219,subscription,Investment64,platform,Stable Yield,10,100000,10000,0.00,110000.00,640000.00,90000.00,1998000.00,"Ticket 100000 ARS; app fee 10000 (10%); distributable 90000; target payout 110000"
220,split,Investment64,Investment47,Growth Partners,25,33000,0,125000.00,0.00,640000.00,90000.00,1965000.00,"Waterfall split 33000 ARS from Investment64 → Investment47 (125000/125000)"
221,payout_closed,Investment64,Investment47,Growth Partners,25,125000,0,125000.00,0.00,640000.00,90000.00,1965000.00,"Payout closed for Investment47: 125000 ARS (25%) funded via marketplace splits"
222,split,Investment64,Investment48,Capital Shield,6,57000,0,57000.00,49000.00,640000.00,90000.00,1908000.00,"Waterfall split 57000 ARS from Investment64 → Investment48 (57000/106000)"
223,subscription,Investment65,platform,Stable Yield,10,100000,10000,0.00,110000.00,650000.00,90000.00,2018000.00,"Ticket 100000 ARS; app fee 10000 (10%); distributable 90000; target payout 110000"
224,split,Investment65,Investment48,Capital Shield,6,49000,0,106000.00,0.00,650000.00,90000.00,1969000.00,"Waterfall split 49000 ARS from Investment65 → Investment48 (106000/106000)"
225,payout_closed,Investment65,Investment48,Capital Shield,6,106000,0,106000.00,0.00,650000.00,90000.00,1969000.00,"Payout closed for Investment48: 106000 ARS (6%) funded via marketplace splits"
226,split,Investment65,Investment49,Stable Yield,10,41000,0,41000.00,69000.00,650000.00,90000.00,1928000.00,"Waterfall split 41000 ARS from Investment65 → Investment49 (41000/110000)"
227,subscription,Investment66,platform,Balanced Growth,15,100000,10000,0.00,115000.00,660000.00,90000.00,2043000.00,"Ticket 100000 ARS; app fee 10000 (10%); distributable 90000; target payout 115000"
228,split,Investment66,Investment49,Stable Yield,10,69000,0,110000.00,0.00,660000.00,90000.00,1974000.00,"Waterfall split 69000 ARS from Investment66 → Investment49 (110000/110000)"
229,payout_closed,Investment66,Investment49,Stable Yield,10,110000,0,110000.00,0.00,660000.00,90000.00,1974000.00,"Payout closed for Investment49: 110000 ARS (10%) funded via marketplace splits"
230,split,Investment66,Investment50,Balanced Growth,15,21000,0,21000.00,94000.00,660000.00,90000.00,1953000.00,"Waterfall split 21000 ARS from Investment66 → Investment50 (21000/115000)"
231,subscription,Investment67,platform,Growth Partners,25,100000,10000,0.00,125000.00,670000.00,90000.00,2078000.00,"Ticket 100000 ARS; app fee 10000 (10%); distributable 90000; target payout 125000"
232,split,Investment67,Investment50,Balanced Growth,15,90000,0,111000.00,4000.00,670000.00,90000.00,1988000.00,"Waterfall split 90000 ARS from Investment67 → Investment50 (111000/115000)"
233,subscription,Investment68,platform,Stable Yield,10,100000,10000,0.00,110000.00,680000.00,90000.00,2098000.00,"Ticket 100000 ARS; app fee 10000 (10%); distributable 90000; target payout 110000"
234,split,Investment68,Investment50,Balanced Growth,15,4000,0,115000.00,0.00,680000.00,90000.00,2094000.00,"Waterfall split 4000 ARS from Investment68 → Investment50 (115000/115000)"
235,payout_closed,Investment68,Investment50,Balanced Growth,15,115000,0,115000.00,0.00,680000.00,90000.00,2094000.00,"Payout closed for Investment50: 115000 ARS (15%) funded via marketplace splits"
236,split,Investment68,Investment51,Balanced Growth,15,86000,0,86000.00,29000.00,680000.00,90000.00,2008000.00,"Waterfall split 86000 ARS from Investment68 → Investment51 (86000/115000)"
237,subscription,Investment69,platform,Growth Partners,25,100000,10000,0.00,125000.00,690000.00,90000.00,2133000.00,"Ticket 100000 ARS; app fee 10000 (10%); distributable 90000; target payout 125000"
238,split,Investment69,Investment51,Balanced Growth,15,29000,0,115000.00,0.00,690000.00,90000.00,2104000.00,"Waterfall split 29000 ARS from Investment69 → Investment51 (115000/115000)"
239,payout_closed,Investment69,Investment51,Balanced Growth,15,115000,0,115000.00,0.00,690000.00,90000.00,2104000.00,"Payout closed for Investment51: 115000 ARS (15%) funded via marketplace splits"
240,split,Investment69,Investment52,Aggressive Alpha,40,61000,0,61000.00,79000.00,690000.00,90000.00,2043000.00,"Waterfall split 61000 ARS from Investment69 → Investment52 (61000/140000)"
241,subscription,Investment70,platform,Growth Partners,25,100000,10000,0.00,125000.00,700000.00,90000.00,2168000.00,"Ticket 100000 ARS; app fee 10000 (10%); distributable 90000; target payout 125000"
242,split,Investment70,Investment52,Aggressive Alpha,40,79000,0,140000.00,0.00,700000.00,90000.00,2089000.00,"Waterfall split 79000 ARS from Investment70 → Investment52 (140000/140000)"
243,payout_closed,Investment70,Investment52,Aggressive Alpha,40,140000,0,140000.00,0.00,700000.00,90000.00,2089000.00,"Payout closed for Investment52: 140000 ARS (40%) funded via marketplace splits"
244,split,Investment70,Investment53,Capital Shield,6,11000,0,11000.00,95000.00,700000.00,90000.00,2078000.00,"Waterfall split 11000 ARS from Investment70 → Investment53 (11000/106000)"
245,subscription,Investment71,platform,Balanced Growth,15,100000,10000,0.00,115000.00,710000.00,90000.00,2193000.00,"Ticket 100000 ARS; app fee 10000 (10%); distributable 90000; target payout 115000"
246,split,Investment71,Investment53,Capital Shield,6,90000,0,101000.00,5000.00,710000.00,90000.00,2103000.00,"Waterfall split 90000 ARS from Investment71 → Investment53 (101000/106000)"
247,subscription,Investment72,platform,Balanced Growth,15,100000,10000,0.00,115000.00,720000.00,90000.00,2218000.00,"Ticket 100000 ARS; app fee 10000 (10%); distributable 90000; target payout 115000"
248,split,Investment72,Investment53,Capital Shield,6,5000,0,106000.00,0.00,720000.00,90000.00,2213000.00,"Waterfall split 5000 ARS from Investment72 → Investment53 (106000/106000)"
249,payout_closed,Investment72,Investment53,Capital Shield,6,106000,0,106000.00,0.00,720000.00,90000.00,2213000.00,"Payout closed for Investment53: 106000 ARS (6%) funded via marketplace splits"
250,split,Investment72,Investment54,Capital Shield,6,85000,0,85000.00,21000.00,720000.00,90000.00,2128000.00,"Waterfall split 85000 ARS from Investment72 → Investment54 (85000/106000)"
251,subscription,Investment73,platform,Growth Partners,25,100000,10000,0.00,125000.00,730000.00,90000.00,2253000.00,"Ticket 100000 ARS; app fee 10000 (10%); distributable 90000; target payout 125000"
252,split,Investment73,Investment54,Capital Shield,6,21000,0,106000.00,0.00,730000.00,90000.00,2232000.00,"Waterfall split 21000 ARS from Investment73 → Investment54 (106000/106000)"
253,payout_closed,Investment73,Investment54,Capital Shield,6,106000,0,106000.00,0.00,730000.00,90000.00,2232000.00,"Payout closed for Investment54: 106000 ARS (6%) funded via marketplace splits"
254,split,Investment73,Investment55,Growth Partners,25,69000,0,69000.00,56000.00,730000.00,90000.00,2163000.00,"Waterfall split 69000 ARS from Investment73 → Investment55 (69000/125000)"
255,subscription,Investment74,platform,Capital Shield,6,100000,10000,0.00,106000.00,740000.00,90000.00,2269000.00,"Ticket 100000 ARS; app fee 10000 (10%); distributable 90000; target payout 106000"
256,split,Investment74,Investment55,Growth Partners,25,56000,0,125000.00,0.00,740000.00,90000.00,2213000.00,"Waterfall split 56000 ARS from Investment74 → Investment55 (125000/125000)"
257,payout_closed,Investment74,Investment55,Growth Partners,25,125000,0,125000.00,0.00,740000.00,90000.00,2213000.00,"Payout closed for Investment55: 125000 ARS (25%) funded via marketplace splits"
258,split,Investment74,Investment56,Capital Shield,6,34000,0,34000.00,72000.00,740000.00,90000.00,2179000.00,"Waterfall split 34000 ARS from Investment74 → Investment56 (34000/106000)"
259,subscription,Investment75,platform,Balanced Growth,15,100000,10000,0.00,115000.00,750000.00,90000.00,2294000.00,"Ticket 100000 ARS; app fee 10000 (10%); distributable 90000; target payout 115000"
260,split,Investment75,Investment56,Capital Shield,6,72000,0,106000.00,0.00,750000.00,90000.00,2222000.00,"Waterfall split 72000 ARS from Investment75 → Investment56 (106000/106000)"
261,payout_closed,Investment75,Investment56,Capital Shield,6,106000,0,106000.00,0.00,750000.00,90000.00,2222000.00,"Payout closed for Investment56: 106000 ARS (6%) funded via marketplace splits"
262,split,Investment75,Investment57,Stable Yield,10,18000,0,18000.00,92000.00,750000.00,90000.00,2204000.00,"Waterfall split 18000 ARS from Investment75 → Investment57 (18000/110000)"
263,subscription,Investment76,platform,Capital Shield,6,100000,10000,0.00,106000.00,760000.00,90000.00,2310000.00,"Ticket 100000 ARS; app fee 10000 (10%); distributable 90000; target payout 106000"
264,split,Investment76,Investment57,Stable Yield,10,90000,0,108000.00,2000.00,760000.00,90000.00,2220000.00,"Waterfall split 90000 ARS from Investment76 → Investment57 (108000/110000)"
265,subscription,Investment77,platform,Aggressive Alpha,40,100000,10000,0.00,140000.00,770000.00,90000.00,2360000.00,"Ticket 100000 ARS; app fee 10000 (10%); distributable 90000; target payout 140000"
266,split,Investment77,Investment57,Stable Yield,10,2000,0,110000.00,0.00,770000.00,90000.00,2358000.00,"Waterfall split 2000 ARS from Investment77 → Investment57 (110000/110000)"
267,payout_closed,Investment77,Investment57,Stable Yield,10,110000,0,110000.00,0.00,770000.00,90000.00,2358000.00,"Payout closed for Investment57: 110000 ARS (10%) funded via marketplace splits"
268,split,Investment77,Investment58,Growth Partners,25,88000,0,88000.00,37000.00,770000.00,90000.00,2270000.00,"Waterfall split 88000 ARS from Investment77 → Investment58 (88000/125000)"
269,subscription,Investment78,platform,Growth Partners,25,100000,10000,0.00,125000.00,780000.00,90000.00,2395000.00,"Ticket 100000 ARS; app fee 10000 (10%); distributable 90000; target payout 125000"
270,split,Investment78,Investment58,Growth Partners,25,37000,0,125000.00,0.00,780000.00,90000.00,2358000.00,"Waterfall split 37000 ARS from Investment78 → Investment58 (125000/125000)"
271,payout_closed,Investment78,Investment58,Growth Partners,25,125000,0,125000.00,0.00,780000.00,90000.00,2358000.00,"Payout closed for Investment58: 125000 ARS (25%) funded via marketplace splits"
272,split,Investment78,Investment59,Growth Partners,25,53000,0,53000.00,72000.00,780000.00,90000.00,2305000.00,"Waterfall split 53000 ARS from Investment78 → Investment59 (53000/125000)"
273,subscription,Investment79,platform,Growth Partners,25,100000,10000,0.00,125000.00,790000.00,90000.00,2430000.00,"Ticket 100000 ARS; app fee 10000 (10%); distributable 90000; target payout 125000"
274,split,Investment79,Investment59,Growth Partners,25,72000,0,125000.00,0.00,790000.00,90000.00,2358000.00,"Waterfall split 72000 ARS from Investment79 → Investment59 (125000/125000)"
275,payout_closed,Investment79,Investment59,Growth Partners,25,125000,0,125000.00,0.00,790000.00,90000.00,2358000.00,"Payout closed for Investment59: 125000 ARS (25%) funded via marketplace splits"
276,split,Investment79,Investment60,Stable Yield,10,18000,0,18000.00,92000.00,790000.00,90000.00,2340000.00,"Waterfall split 18000 ARS from Investment79 → Investment60 (18000/110000)"
277,subscription,Investment80,platform,Growth Partners,25,100000,10000,0.00,125000.00,800000.00,90000.00,2465000.00,"Ticket 100000 ARS; app fee 10000 (10%); distributable 90000; target payout 125000"
278,split,Investment80,Investment60,Stable Yield,10,90000,0,108000.00,2000.00,800000.00,90000.00,2375000.00,"Waterfall split 90000 ARS from Investment80 → Investment60 (108000/110000)"
279,subscription,Investment81,platform,Aggressive Alpha,40,100000,10000,0.00,140000.00,810000.00,90000.00,2515000.00,"Ticket 100000 ARS; app fee 10000 (10%); distributable 90000; target payout 140000"
280,split,Investment81,Investment60,Stable Yield,10,2000,0,110000.00,0.00,810000.00,90000.00,2513000.00,"Waterfall split 2000 ARS from Investment81 → Investment60 (110000/110000)"
281,payout_closed,Investment81,Investment60,Stable Yield,10,110000,0,110000.00,0.00,810000.00,90000.00,2513000.00,"Payout closed for Investment60: 110000 ARS (10%) funded via marketplace splits"
282,split,Investment81,Investment61,Capital Shield,6,88000,0,88000.00,18000.00,810000.00,90000.00,2425000.00,"Waterfall split 88000 ARS from Investment81 → Investment61 (88000/106000)"
283,subscription,Investment82,platform,Stable Yield,10,100000,10000,0.00,110000.00,820000.00,90000.00,2535000.00,"Ticket 100000 ARS; app fee 10000 (10%); distributable 90000; target payout 110000"
284,split,Investment82,Investment61,Capital Shield,6,18000,0,106000.00,0.00,820000.00,90000.00,2517000.00,"Waterfall split 18000 ARS from Investment82 → Investment61 (106000/106000)"
285,payout_closed,Investment82,Investment61,Capital Shield,6,106000,0,106000.00,0.00,820000.00,90000.00,2517000.00,"Payout closed for Investment61: 106000 ARS (6%) funded via marketplace splits"
286,split,Investment82,Investment62,Aggressive Alpha,40,72000,0,72000.00,68000.00,820000.00,90000.00,2445000.00,"Waterfall split 72000 ARS from Investment82 → Investment62 (72000/140000)"
287,subscription,Investment83,platform,Capital Shield,6,100000,10000,0.00,106000.00,830000.00,90000.00,2551000.00,"Ticket 100000 ARS; app fee 10000 (10%); distributable 90000; target payout 106000"
288,split,Investment83,Investment62,Aggressive Alpha,40,68000,0,140000.00,0.00,830000.00,90000.00,2483000.00,"Waterfall split 68000 ARS from Investment83 → Investment62 (140000/140000)"
289,payout_closed,Investment83,Investment62,Aggressive Alpha,40,140000,0,140000.00,0.00,830000.00,90000.00,2483000.00,"Payout closed for Investment62: 140000 ARS (40%) funded via marketplace splits"
290,split,Investment83,Investment63,Stable Yield,10,22000,0,22000.00,88000.00,830000.00,90000.00,2461000.00,"Waterfall split 22000 ARS from Investment83 → Investment63 (22000/110000)"
291,subscription,Investment84,platform,Growth Partners,25,100000,10000,0.00,125000.00,840000.00,90000.00,2586000.00,"Ticket 100000 ARS; app fee 10000 (10%); distributable 90000; target payout 125000"
292,split,Investment84,Investment63,Stable Yield,10,88000,0,110000.00,0.00,840000.00,90000.00,2498000.00,"Waterfall split 88000 ARS from Investment84 → Investment63 (110000/110000)"
293,payout_closed,Investment84,Investment63,Stable Yield,10,110000,0,110000.00,0.00,840000.00,90000.00,2498000.00,"Payout closed for Investment63: 110000 ARS (10%) funded via marketplace splits"
294,split,Investment84,Investment64,Stable Yield,10,2000,0,2000.00,108000.00,840000.00,90000.00,2496000.00,"Waterfall split 2000 ARS from Investment84 → Investment64 (2000/110000)"
295,subscription,Investment85,platform,Growth Partners,25,100000,10000,0.00,125000.00,850000.00,90000.00,2621000.00,"Ticket 100000 ARS; app fee 10000 (10%); distributable 90000; target payout 125000"
296,split,Investment85,Investment64,Stable Yield,10,90000,0,92000.00,18000.00,850000.00,90000.00,2531000.00,"Waterfall split 90000 ARS from Investment85 → Investment64 (92000/110000)"
297,subscription,Investment86,platform,Growth Partners,25,100000,10000,0.00,125000.00,860000.00,90000.00,2656000.00,"Ticket 100000 ARS; app fee 10000 (10%); distributable 90000; target payout 125000"
298,split,Investment86,Investment64,Stable Yield,10,18000,0,110000.00,0.00,860000.00,90000.00,2638000.00,"Waterfall split 18000 ARS from Investment86 → Investment64 (110000/110000)"
299,payout_closed,Investment86,Investment64,Stable Yield,10,110000,0,110000.00,0.00,860000.00,90000.00,2638000.00,"Payout closed for Investment64: 110000 ARS (10%) funded via marketplace splits"
300,split,Investment86,Investment65,Stable Yield,10,72000,0,72000.00,38000.00,860000.00,90000.00,2566000.00,"Waterfall split 72000 ARS from Investment86 → Investment65 (72000/110000)"
301,subscription,Investment87,platform,Capital Shield,6,100000,10000,0.00,106000.00,870000.00,90000.00,2672000.00,"Ticket 100000 ARS; app fee 10000 (10%); distributable 90000; target payout 106000"
302,split,Investment87,Investment65,Stable Yield,10,38000,0,110000.00,0.00,870000.00,90000.00,2634000.00,"Waterfall split 38000 ARS from Investment87 → Investment65 (110000/110000)"
303,payout_closed,Investment87,Investment65,Stable Yield,10,110000,0,110000.00,0.00,870000.00,90000.00,2634000.00,"Payout closed for Investment65: 110000 ARS (10%) funded via marketplace splits"
304,split,Investment87,Investment66,Balanced Growth,15,52000,0,52000.00,63000.00,870000.00,90000.00,2582000.00,"Waterfall split 52000 ARS from Investment87 → Investment66 (52000/115000)"
305,subscription,Investment88,platform,Aggressive Alpha,40,100000,10000,0.00,140000.00,880000.00,90000.00,2722000.00,"Ticket 100000 ARS; app fee 10000 (10%); distributable 90000; target payout 140000"
306,split,Investment88,Investment66,Balanced Growth,15,63000,0,115000.00,0.00,880000.00,90000.00,2659000.00,"Waterfall split 63000 ARS from Investment88 → Investment66 (115000/115000)"
307,payout_closed,Investment88,Investment66,Balanced Growth,15,115000,0,115000.00,0.00,880000.00,90000.00,2659000.00,"Payout closed for Investment66: 115000 ARS (15%) funded via marketplace splits"
308,split,Investment88,Investment67,Growth Partners,25,27000,0,27000.00,98000.00,880000.00,90000.00,2632000.00,"Waterfall split 27000 ARS from Investment88 → Investment67 (27000/125000)"
309,subscription,Investment89,platform,Stable Yield,10,100000,10000,0.00,110000.00,890000.00,90000.00,2742000.00,"Ticket 100000 ARS; app fee 10000 (10%); distributable 90000; target payout 110000"
310,split,Investment89,Investment67,Growth Partners,25,90000,0,117000.00,8000.00,890000.00,90000.00,2652000.00,"Waterfall split 90000 ARS from Investment89 → Investment67 (117000/125000)"
311,subscription,Investment90,platform,Balanced Growth,15,100000,10000,0.00,115000.00,900000.00,90000.00,2767000.00,"Ticket 100000 ARS; app fee 10000 (10%); distributable 90000; target payout 115000"
312,split,Investment90,Investment67,Growth Partners,25,8000,0,125000.00,0.00,900000.00,90000.00,2759000.00,"Waterfall split 8000 ARS from Investment90 → Investment67 (125000/125000)"
313,payout_closed,Investment90,Investment67,Growth Partners,25,125000,0,125000.00,0.00,900000.00,90000.00,2759000.00,"Payout closed for Investment67: 125000 ARS (25%) funded via marketplace splits"
314,split,Investment90,Investment68,Stable Yield,10,82000,0,82000.00,28000.00,900000.00,90000.00,2677000.00,"Waterfall split 82000 ARS from Investment90 → Investment68 (82000/110000)"
315,subscription,Investment91,platform,Capital Shield,6,100000,10000,0.00,106000.00,910000.00,90000.00,2783000.00,"Ticket 100000 ARS; app fee 10000 (10%); distributable 90000; target payout 106000"
316,split,Investment91,Investment68,Stable Yield,10,28000,0,110000.00,0.00,910000.00,90000.00,2755000.00,"Waterfall split 28000 ARS from Investment91 → Investment68 (110000/110000)"
317,payout_closed,Investment91,Investment68,Stable Yield,10,110000,0,110000.00,0.00,910000.00,90000.00,2755000.00,"Payout closed for Investment68: 110000 ARS (10%) funded via marketplace splits"
318,split,Investment91,Investment69,Growth Partners,25,62000,0,62000.00,63000.00,910000.00,90000.00,2693000.00,"Waterfall split 62000 ARS from Investment91 → Investment69 (62000/125000)"
319,subscription,Investment92,platform,Balanced Growth,15,100000,10000,0.00,115000.00,920000.00,90000.00,2808000.00,"Ticket 100000 ARS; app fee 10000 (10%); distributable 90000; target payout 115000"
320,split,Investment92,Investment69,Growth Partners,25,63000,0,125000.00,0.00,920000.00,90000.00,2745000.00,"Waterfall split 63000 ARS from Investment92 → Investment69 (125000/125000)"
321,payout_closed,Investment92,Investment69,Growth Partners,25,125000,0,125000.00,0.00,920000.00,90000.00,2745000.00,"Payout closed for Investment69: 125000 ARS (25%) funded via marketplace splits"
322,split,Investment92,Investment70,Growth Partners,25,27000,0,27000.00,98000.00,920000.00,90000.00,2718000.00,"Waterfall split 27000 ARS from Investment92 → Investment70 (27000/125000)"
323,subscription,Investment93,platform,Capital Shield,6,100000,10000,0.00,106000.00,930000.00,90000.00,2824000.00,"Ticket 100000 ARS; app fee 10000 (10%); distributable 90000; target payout 106000"
324,split,Investment93,Investment70,Growth Partners,25,90000,0,117000.00,8000.00,930000.00,90000.00,2734000.00,"Waterfall split 90000 ARS from Investment93 → Investment70 (117000/125000)"
325,subscription,Investment94,platform,Stable Yield,10,100000,10000,0.00,110000.00,940000.00,90000.00,2844000.00,"Ticket 100000 ARS; app fee 10000 (10%); distributable 90000; target payout 110000"
326,split,Investment94,Investment70,Growth Partners,25,8000,0,125000.00,0.00,940000.00,90000.00,2836000.00,"Waterfall split 8000 ARS from Investment94 → Investment70 (125000/125000)"
327,payout_closed,Investment94,Investment70,Growth Partners,25,125000,0,125000.00,0.00,940000.00,90000.00,2836000.00,"Payout closed for Investment70: 125000 ARS (25%) funded via marketplace splits"
328,split,Investment94,Investment71,Balanced Growth,15,82000,0,82000.00,33000.00,940000.00,90000.00,2754000.00,"Waterfall split 82000 ARS from Investment94 → Investment71 (82000/115000)"
329,subscription,Investment95,platform,Aggressive Alpha,40,100000,10000,0.00,140000.00,950000.00,90000.00,2894000.00,"Ticket 100000 ARS; app fee 10000 (10%); distributable 90000; target payout 140000"
330,split,Investment95,Investment71,Balanced Growth,15,33000,0,115000.00,0.00,950000.00,90000.00,2861000.00,"Waterfall split 33000 ARS from Investment95 → Investment71 (115000/115000)"
331,payout_closed,Investment95,Investment71,Balanced Growth,15,115000,0,115000.00,0.00,950000.00,90000.00,2861000.00,"Payout closed for Investment71: 115000 ARS (15%) funded via marketplace splits"
332,split,Investment95,Investment72,Balanced Growth,15,57000,0,57000.00,58000.00,950000.00,90000.00,2804000.00,"Waterfall split 57000 ARS from Investment95 → Investment72 (57000/115000)"
333,subscription,Investment96,platform,Capital Shield,6,100000,10000,0.00,106000.00,960000.00,90000.00,2910000.00,"Ticket 100000 ARS; app fee 10000 (10%); distributable 90000; target payout 106000"
334,split,Investment96,Investment72,Balanced Growth,15,58000,0,115000.00,0.00,960000.00,90000.00,2852000.00,"Waterfall split 58000 ARS from Investment96 → Investment72 (115000/115000)"
335,payout_closed,Investment96,Investment72,Balanced Growth,15,115000,0,115000.00,0.00,960000.00,90000.00,2852000.00,"Payout closed for Investment72: 115000 ARS (15%) funded via marketplace splits"
336,split,Investment96,Investment73,Growth Partners,25,32000,0,32000.00,93000.00,960000.00,90000.00,2820000.00,"Waterfall split 32000 ARS from Investment96 → Investment73 (32000/125000)"
337,subscription,Investment97,platform,Capital Shield,6,100000,10000,0.00,106000.00,970000.00,90000.00,2926000.00,"Ticket 100000 ARS; app fee 10000 (10%); distributable 90000; target payout 106000"
338,split,Investment97,Investment73,Growth Partners,25,90000,0,122000.00,3000.00,970000.00,90000.00,2836000.00,"Waterfall split 90000 ARS from Investment97 → Investment73 (122000/125000)"
339,subscription,Investment98,platform,Growth Partners,25,100000,10000,0.00,125000.00,980000.00,90000.00,2961000.00,"Ticket 100000 ARS; app fee 10000 (10%); distributable 90000; target payout 125000"
340,split,Investment98,Investment73,Growth Partners,25,3000,0,125000.00,0.00,980000.00,90000.00,2958000.00,"Waterfall split 3000 ARS from Investment98 → Investment73 (125000/125000)"
341,payout_closed,Investment98,Investment73,Growth Partners,25,125000,0,125000.00,0.00,980000.00,90000.00,2958000.00,"Payout closed for Investment73: 125000 ARS (25%) funded via marketplace splits"
342,split,Investment98,Investment74,Capital Shield,6,87000,0,87000.00,19000.00,980000.00,90000.00,2871000.00,"Waterfall split 87000 ARS from Investment98 → Investment74 (87000/106000)"
343,subscription,Investment99,platform,Stable Yield,10,100000,10000,0.00,110000.00,990000.00,90000.00,2981000.00,"Ticket 100000 ARS; app fee 10000 (10%); distributable 90000; target payout 110000"
344,split,Investment99,Investment74,Capital Shield,6,19000,0,106000.00,0.00,990000.00,90000.00,2962000.00,"Waterfall split 19000 ARS from Investment99 → Investment74 (106000/106000)"
345,payout_closed,Investment99,Investment74,Capital Shield,6,106000,0,106000.00,0.00,990000.00,90000.00,2962000.00,"Payout closed for Investment74: 106000 ARS (6%) funded via marketplace splits"
346,split,Investment99,Investment75,Balanced Growth,15,71000,0,71000.00,44000.00,990000.00,90000.00,2891000.00,"Waterfall split 71000 ARS from Investment99 → Investment75 (71000/115000)"
347,subscription,Investment100,platform,Balanced Growth,15,100000,10000,0.00,115000.00,1000000.00,90000.00,3006000.00,"Ticket 100000 ARS; app fee 10000 (10%); distributable 90000; target payout 115000"
348,split,Investment100,Investment75,Balanced Growth,15,44000,0,115000.00,0.00,1000000.00,90000.00,2962000.00,"Waterfall split 44000 ARS from Investment100 → Investment75 (115000/115000)"
349,payout_closed,Investment100,Investment75,Balanced Growth,15,115000,0,115000.00,0.00,1000000.00,90000.00,2962000.00,"Payout closed for Investment75: 115000 ARS (15%) funded via marketplace splits"
350,split,Investment100,Investment76,Capital Shield,6,46000,0,46000.00,60000.00,1000000.00,90000.00,2916000.00,"Waterfall split 46000 ARS from Investment100 → Investment76 (46000/106000)"
351,subscription,Investment101,platform,Capital Shield,6,100000,10000,0.00,106000.00,1010000.00,90000.00,3022000.00,"Ticket 100000 ARS; app fee 10000 (10%); distributable 90000; target payout 106000"
352,split,Investment101,Investment76,Capital Shield,6,60000,0,106000.00,0.00,1010000.00,90000.00,2962000.00,"Waterfall split 60000 ARS from Investment101 → Investment76 (106000/106000)"
353,payout_closed,Investment101,Investment76,Capital Shield,6,106000,0,106000.00,0.00,1010000.00,90000.00,2962000.00,"Payout closed for Investment76: 106000 ARS (6%) funded via marketplace splits"
354,split,Investment101,Investment77,Aggressive Alpha,40,30000,0,30000.00,110000.00,1010000.00,90000.00,2932000.00,"Waterfall split 30000 ARS from Investment101 → Investment77 (30000/140000)"
355,subscription,Investment102,platform,Growth Partners,25,100000,10000,0.00,125000.00,1020000.00,90000.00,3057000.00,"Ticket 100000 ARS; app fee 10000 (10%); distributable 90000; target payout 125000"
356,split,Investment102,Investment77,Aggressive Alpha,40,90000,0,120000.00,20000.00,1020000.00,90000.00,2967000.00,"Waterfall split 90000 ARS from Investment102 → Investment77 (120000/140000)"
357,subscription,Investment103,platform,Capital Shield,6,100000,10000,0.00,106000.00,1030000.00,90000.00,3073000.00,"Ticket 100000 ARS; app fee 10000 (10%); distributable 90000; target payout 106000"
358,split,Investment103,Investment77,Aggressive Alpha,40,20000,0,140000.00,0.00,1030000.00,90000.00,3053000.00,"Waterfall split 20000 ARS from Investment103 → Investment77 (140000/140000)"
359,payout_closed,Investment103,Investment77,Aggressive Alpha,40,140000,0,140000.00,0.00,1030000.00,90000.00,3053000.00,"Payout closed for Investment77: 140000 ARS (40%) funded via marketplace splits"
360,split,Investment103,Investment78,Growth Partners,25,70000,0,70000.00,55000.00,1030000.00,90000.00,2983000.00,"Waterfall split 70000 ARS from Investment103 → Investment78 (70000/125000)"
361,subscription,Investment104,platform,Growth Partners,25,100000,10000,0.00,125000.00,1040000.00,90000.00,3108000.00,"Ticket 100000 ARS; app fee 10000 (10%); distributable 90000; target payout 125000"
362,split,Investment104,Investment78,Growth Partners,25,55000,0,125000.00,0.00,1040000.00,90000.00,3053000.00,"Waterfall split 55000 ARS from Investment104 → Investment78 (125000/125000)"
363,payout_closed,Investment104,Investment78,Growth Partners,25,125000,0,125000.00,0.00,1040000.00,90000.00,3053000.00,"Payout closed for Investment78: 125000 ARS (25%) funded via marketplace splits"
364,split,Investment104,Investment79,Growth Partners,25,35000,0,35000.00,90000.00,1040000.00,90000.00,3018000.00,"Waterfall split 35000 ARS from Investment104 → Investment79 (35000/125000)"
365,subscription,Investment105,platform,Balanced Growth,15,100000,10000,0.00,115000.00,1050000.00,90000.00,3133000.00,"Ticket 100000 ARS; app fee 10000 (10%); distributable 90000; target payout 115000"
366,split,Investment105,Investment79,Growth Partners,25,90000,0,125000.00,0.00,1050000.00,90000.00,3043000.00,"Waterfall split 90000 ARS from Investment105 → Investment79 (125000/125000)"
367,payout_closed,Investment105,Investment79,Growth Partners,25,125000,0,125000.00,0.00,1050000.00,90000.00,3043000.00,"Payout closed for Investment79: 125000 ARS (25%) funded via marketplace splits"
368,subscription,Investment106,platform,Balanced Growth,15,100000,10000,0.00,115000.00,1060000.00,90000.00,3158000.00,"Ticket 100000 ARS; app fee 10000 (10%); distributable 90000; target payout 115000"
369,split,Investment106,Investment80,Growth Partners,25,90000,0,90000.00,35000.00,1060000.00,90000.00,3068000.00,"Waterfall split 90000 ARS from Investment106 → Investment80 (90000/125000)"
370,subscription,Investment107,platform,Growth Partners,25,100000,10000,0.00,125000.00,1070000.00,90000.00,3193000.00,"Ticket 100000 ARS; app fee 10000 (10%); distributable 90000; target payout 125000"
371,split,Investment107,Investment80,Growth Partners,25,35000,0,125000.00,0.00,1070000.00,90000.00,3158000.00,"Waterfall split 35000 ARS from Investment107 → Investment80 (125000/125000)"
372,payout_closed,Investment107,Investment80,Growth Partners,25,125000,0,125000.00,0.00,1070000.00,90000.00,3158000.00,"Payout closed for Investment80: 125000 ARS (25%) funded via marketplace splits"
373,split,Investment107,Investment81,Aggressive Alpha,40,55000,0,55000.00,85000.00,1070000.00,90000.00,3103000.00,"Waterfall split 55000 ARS from Investment107 → Investment81 (55000/140000)"
374,subscription,Investment108,platform,Balanced Growth,15,100000,10000,0.00,115000.00,1080000.00,90000.00,3218000.00,"Ticket 100000 ARS; app fee 10000 (10%); distributable 90000; target payout 115000"
375,split,Investment108,Investment81,Aggressive Alpha,40,85000,0,140000.00,0.00,1080000.00,90000.00,3133000.00,"Waterfall split 85000 ARS from Investment108 → Investment81 (140000/140000)"
376,payout_closed,Investment108,Investment81,Aggressive Alpha,40,140000,0,140000.00,0.00,1080000.00,90000.00,3133000.00,"Payout closed for Investment81: 140000 ARS (40%) funded via marketplace splits"
377,split,Investment108,Investment82,Stable Yield,10,5000,0,5000.00,105000.00,1080000.00,90000.00,3128000.00,"Waterfall split 5000 ARS from Investment108 → Investment82 (5000/110000)"
378,subscription,Investment109,platform,Growth Partners,25,100000,10000,0.00,125000.00,1090000.00,90000.00,3253000.00,"Ticket 100000 ARS; app fee 10000 (10%); distributable 90000; target payout 125000"
379,split,Investment109,Investment82,Stable Yield,10,90000,0,95000.00,15000.00,1090000.00,90000.00,3163000.00,"Waterfall split 90000 ARS from Investment109 → Investment82 (95000/110000)"
380,subscription,Investment110,platform,Aggressive Alpha,40,100000,10000,0.00,140000.00,1100000.00,90000.00,3303000.00,"Ticket 100000 ARS; app fee 10000 (10%); distributable 90000; target payout 140000"
381,split,Investment110,Investment82,Stable Yield,10,15000,0,110000.00,0.00,1100000.00,90000.00,3288000.00,"Waterfall split 15000 ARS from Investment110 → Investment82 (110000/110000)"
382,payout_closed,Investment110,Investment82,Stable Yield,10,110000,0,110000.00,0.00,1100000.00,90000.00,3288000.00,"Payout closed for Investment82: 110000 ARS (10%) funded via marketplace splits"
383,split,Investment110,Investment83,Capital Shield,6,75000,0,75000.00,31000.00,1100000.00,90000.00,3213000.00,"Waterfall split 75000 ARS from Investment110 → Investment83 (75000/106000)"
384,subscription,Investment111,platform,Aggressive Alpha,40,100000,10000,0.00,140000.00,1110000.00,90000.00,3353000.00,"Ticket 100000 ARS; app fee 10000 (10%); distributable 90000; target payout 140000"
385,split,Investment111,Investment83,Capital Shield,6,31000,0,106000.00,0.00,1110000.00,90000.00,3322000.00,"Waterfall split 31000 ARS from Investment111 → Investment83 (106000/106000)"
386,payout_closed,Investment111,Investment83,Capital Shield,6,106000,0,106000.00,0.00,1110000.00,90000.00,3322000.00,"Payout closed for Investment83: 106000 ARS (6%) funded via marketplace splits"
387,split,Investment111,Investment84,Growth Partners,25,59000,0,59000.00,66000.00,1110000.00,90000.00,3263000.00,"Waterfall split 59000 ARS from Investment111 → Investment84 (59000/125000)"
388,subscription,Investment112,platform,Capital Shield,6,100000,10000,0.00,106000.00,1120000.00,90000.00,3369000.00,"Ticket 100000 ARS; app fee 10000 (10%); distributable 90000; target payout 106000"
389,split,Investment112,Investment84,Growth Partners,25,66000,0,125000.00,0.00,1120000.00,90000.00,3303000.00,"Waterfall split 66000 ARS from Investment112 → Investment84 (125000/125000)"
390,payout_closed,Investment112,Investment84,Growth Partners,25,125000,0,125000.00,0.00,1120000.00,90000.00,3303000.00,"Payout closed for Investment84: 125000 ARS (25%) funded via marketplace splits"
391,split,Investment112,Investment85,Growth Partners,25,24000,0,24000.00,101000.00,1120000.00,90000.00,3279000.00,"Waterfall split 24000 ARS from Investment112 → Investment85 (24000/125000)"
392,subscription,Investment113,platform,Aggressive Alpha,40,100000,10000,0.00,140000.00,1130000.00,90000.00,3419000.00,"Ticket 100000 ARS; app fee 10000 (10%); distributable 90000; target payout 140000"
393,split,Investment113,Investment85,Growth Partners,25,90000,0,114000.00,11000.00,1130000.00,90000.00,3329000.00,"Waterfall split 90000 ARS from Investment113 → Investment85 (114000/125000)"
394,subscription,Investment114,platform,Balanced Growth,15,100000,10000,0.00,115000.00,1140000.00,90000.00,3444000.00,"Ticket 100000 ARS; app fee 10000 (10%); distributable 90000; target payout 115000"
395,split,Investment114,Investment85,Growth Partners,25,11000,0,125000.00,0.00,1140000.00,90000.00,3433000.00,"Waterfall split 11000 ARS from Investment114 → Investment85 (125000/125000)"
396,payout_closed,Investment114,Investment85,Growth Partners,25,125000,0,125000.00,0.00,1140000.00,90000.00,3433000.00,"Payout closed for Investment85: 125000 ARS (25%) funded via marketplace splits"
397,split,Investment114,Investment86,Growth Partners,25,79000,0,79000.00,46000.00,1140000.00,90000.00,3354000.00,"Waterfall split 79000 ARS from Investment114 → Investment86 (79000/125000)"
398,subscription,Investment115,platform,Capital Shield,6,100000,10000,0.00,106000.00,1150000.00,90000.00,3460000.00,"Ticket 100000 ARS; app fee 10000 (10%); distributable 90000; target payout 106000"
399,split,Investment115,Investment86,Growth Partners,25,46000,0,125000.00,0.00,1150000.00,90000.00,3414000.00,"Waterfall split 46000 ARS from Investment115 → Investment86 (125000/125000)"
400,payout_closed,Investment115,Investment86,Growth Partners,25,125000,0,125000.00,0.00,1150000.00,90000.00,3414000.00,"Payout closed for Investment86: 125000 ARS (25%) funded via marketplace splits"
401,split,Investment115,Investment87,Capital Shield,6,44000,0,44000.00,62000.00,1150000.00,90000.00,3370000.00,"Waterfall split 44000 ARS from Investment115 → Investment87 (44000/106000)"
402,subscription,Investment116,platform,Growth Partners,25,100000,10000,0.00,125000.00,1160000.00,90000.00,3495000.00,"Ticket 100000 ARS; app fee 10000 (10%); distributable 90000; target payout 125000"
403,split,Investment116,Investment87,Capital Shield,6,62000,0,106000.00,0.00,1160000.00,90000.00,3433000.00,"Waterfall split 62000 ARS from Investment116 → Investment87 (106000/106000)"
404,payout_closed,Investment116,Investment87,Capital Shield,6,106000,0,106000.00,0.00,1160000.00,90000.00,3433000.00,"Payout closed for Investment87: 106000 ARS (6%) funded via marketplace splits"
405,split,Investment116,Investment88,Aggressive Alpha,40,28000,0,28000.00,112000.00,1160000.00,90000.00,3405000.00,"Waterfall split 28000 ARS from Investment116 → Investment88 (28000/140000)"
406,subscription,Investment117,platform,Aggressive Alpha,40,100000,10000,0.00,140000.00,1170000.00,90000.00,3545000.00,"Ticket 100000 ARS; app fee 10000 (10%); distributable 90000; target payout 140000"
407,split,Investment117,Investment88,Aggressive Alpha,40,90000,0,118000.00,22000.00,1170000.00,90000.00,3455000.00,"Waterfall split 90000 ARS from Investment117 → Investment88 (118000/140000)"
408,subscription,Investment118,platform,Growth Partners,25,100000,10000,0.00,125000.00,1180000.00,90000.00,3580000.00,"Ticket 100000 ARS; app fee 10000 (10%); distributable 90000; target payout 125000"
409,split,Investment118,Investment88,Aggressive Alpha,40,22000,0,140000.00,0.00,1180000.00,90000.00,3558000.00,"Waterfall split 22000 ARS from Investment118 → Investment88 (140000/140000)"
410,payout_closed,Investment118,Investment88,Aggressive Alpha,40,140000,0,140000.00,0.00,1180000.00,90000.00,3558000.00,"Payout closed for Investment88: 140000 ARS (40%) funded via marketplace splits"
411,split,Investment118,Investment89,Stable Yield,10,68000,0,68000.00,42000.00,1180000.00,90000.00,3490000.00,"Waterfall split 68000 ARS from Investment118 → Investment89 (68000/110000)"
412,subscription,Investment119,platform,Capital Shield,6,100000,10000,0.00,106000.00,1190000.00,90000.00,3596000.00,"Ticket 100000 ARS; app fee 10000 (10%); distributable 90000; target payout 106000"
413,split,Investment119,Investment89,Stable Yield,10,42000,0,110000.00,0.00,1190000.00,90000.00,3554000.00,"Waterfall split 42000 ARS from Investment119 → Investment89 (110000/110000)"
414,payout_closed,Investment119,Investment89,Stable Yield,10,110000,0,110000.00,0.00,1190000.00,90000.00,3554000.00,"Payout closed for Investment89: 110000 ARS (10%) funded via marketplace splits"
415,split,Investment119,Investment90,Balanced Growth,15,48000,0,48000.00,67000.00,1190000.00,90000.00,3506000.00,"Waterfall split 48000 ARS from Investment119 → Investment90 (48000/115000)"
416,subscription,Investment120,platform,Balanced Growth,15,100000,10000,0.00,115000.00,1200000.00,90000.00,3621000.00,"Ticket 100000 ARS; app fee 10000 (10%); distributable 90000; target payout 115000"
417,split,Investment120,Investment90,Balanced Growth,15,67000,0,115000.00,0.00,1200000.00,90000.00,3554000.00,"Waterfall split 67000 ARS from Investment120 → Investment90 (115000/115000)"
418,payout_closed,Investment120,Investment90,Balanced Growth,15,115000,0,115000.00,0.00,1200000.00,90000.00,3554000.00,"Payout closed for Investment90: 115000 ARS (15%) funded via marketplace splits"
419,split,Investment120,Investment91,Capital Shield,6,23000,0,23000.00,83000.00,1200000.00,90000.00,3531000.00,"Waterfall split 23000 ARS from Investment120 → Investment91 (23000/106000)"
420,subscription,Investment121,platform,Stable Yield,10,100000,10000,0.00,110000.00,1210000.00,90000.00,3641000.00,"Ticket 100000 ARS; app fee 10000 (10%); distributable 90000; target payout 110000"
421,split,Investment121,Investment91,Capital Shield,6,83000,0,106000.00,0.00,1210000.00,90000.00,3558000.00,"Waterfall split 83000 ARS from Investment121 → Investment91 (106000/106000)"
422,payout_closed,Investment121,Investment91,Capital Shield,6,106000,0,106000.00,0.00,1210000.00,90000.00,3558000.00,"Payout closed for Investment91: 106000 ARS (6%) funded via marketplace splits"
423,split,Investment121,Investment92,Balanced Growth,15,7000,0,7000.00,108000.00,1210000.00,90000.00,3551000.00,"Waterfall split 7000 ARS from Investment121 → Investment92 (7000/115000)"
424,subscription,Investment122,platform,Aggressive Alpha,40,100000,10000,0.00,140000.00,1220000.00,90000.00,3691000.00,"Ticket 100000 ARS; app fee 10000 (10%); distributable 90000; target payout 140000"
425,split,Investment122,Investment92,Balanced Growth,15,90000,0,97000.00,18000.00,1220000.00,90000.00,3601000.00,"Waterfall split 90000 ARS from Investment122 → Investment92 (97000/115000)"
426,subscription,Investment123,platform,Stable Yield,10,100000,10000,0.00,110000.00,1230000.00,90000.00,3711000.00,"Ticket 100000 ARS; app fee 10000 (10%); distributable 90000; target payout 110000"
427,split,Investment123,Investment92,Balanced Growth,15,18000,0,115000.00,0.00,1230000.00,90000.00,3693000.00,"Waterfall split 18000 ARS from Investment123 → Investment92 (115000/115000)"
428,payout_closed,Investment123,Investment92,Balanced Growth,15,115000,0,115000.00,0.00,1230000.00,90000.00,3693000.00,"Payout closed for Investment92: 115000 ARS (15%) funded via marketplace splits"
429,split,Investment123,Investment93,Capital Shield,6,72000,0,72000.00,34000.00,1230000.00,90000.00,3621000.00,"Waterfall split 72000 ARS from Investment123 → Investment93 (72000/106000)"
430,subscription,Investment124,platform,Balanced Growth,15,100000,10000,0.00,115000.00,1240000.00,90000.00,3736000.00,"Ticket 100000 ARS; app fee 10000 (10%); distributable 90000; target payout 115000"
431,split,Investment124,Investment93,Capital Shield,6,34000,0,106000.00,0.00,1240000.00,90000.00,3702000.00,"Waterfall split 34000 ARS from Investment124 → Investment93 (106000/106000)"
432,payout_closed,Investment124,Investment93,Capital Shield,6,106000,0,106000.00,0.00,1240000.00,90000.00,3702000.00,"Payout closed for Investment93: 106000 ARS (6%) funded via marketplace splits"
433,split,Investment124,Investment94,Stable Yield,10,56000,0,56000.00,54000.00,1240000.00,90000.00,3646000.00,"Waterfall split 56000 ARS from Investment124 → Investment94 (56000/110000)"
434,subscription,Investment125,platform,Stable Yield,10,100000,10000,0.00,110000.00,1250000.00,90000.00,3756000.00,"Ticket 100000 ARS; app fee 10000 (10%); distributable 90000; target payout 110000"
435,split,Investment125,Investment94,Stable Yield,10,54000,0,110000.00,0.00,1250000.00,90000.00,3702000.00,"Waterfall split 54000 ARS from Investment125 → Investment94 (110000/110000)"
436,payout_closed,Investment125,Investment94,Stable Yield,10,110000,0,110000.00,0.00,1250000.00,90000.00,3702000.00,"Payout closed for Investment94: 110000 ARS (10%) funded via marketplace splits"
437,split,Investment125,Investment95,Aggressive Alpha,40,36000,0,36000.00,104000.00,1250000.00,90000.00,3666000.00,"Waterfall split 36000 ARS from Investment125 → Investment95 (36000/140000)"
438,subscription,Investment126,platform,Balanced Growth,15,100000,10000,0.00,115000.00,1260000.00,90000.00,3781000.00,"Ticket 100000 ARS; app fee 10000 (10%); distributable 90000; target payout 115000"
439,split,Investment126,Investment95,Aggressive Alpha,40,90000,0,126000.00,14000.00,1260000.00,90000.00,3691000.00,"Waterfall split 90000 ARS from Investment126 → Investment95 (126000/140000)"
440,subscription,Investment127,platform,Aggressive Alpha,40,100000,10000,0.00,140000.00,1270000.00,90000.00,3831000.00,"Ticket 100000 ARS; app fee 10000 (10%); distributable 90000; target payout 140000"
441,split,Investment127,Investment95,Aggressive Alpha,40,14000,0,140000.00,0.00,1270000.00,90000.00,3817000.00,"Waterfall split 14000 ARS from Investment127 → Investment95 (140000/140000)"
442,payout_closed,Investment127,Investment95,Aggressive Alpha,40,140000,0,140000.00,0.00,1270000.00,90000.00,3817000.00,"Payout closed for Investment95: 140000 ARS (40%) funded via marketplace splits"
443,split,Investment127,Investment96,Capital Shield,6,76000,0,76000.00,30000.00,1270000.00,90000.00,3741000.00,"Waterfall split 76000 ARS from Investment127 → Investment96 (76000/106000)"
444,subscription,Investment128,platform,Stable Yield,10,100000,10000,0.00,110000.00,1280000.00,90000.00,3851000.00,"Ticket 100000 ARS; app fee 10000 (10%); distributable 90000; target payout 110000"
445,split,Investment128,Investment96,Capital Shield,6,30000,0,106000.00,0.00,1280000.00,90000.00,3821000.00,"Waterfall split 30000 ARS from Investment128 → Investment96 (106000/106000)"
446,payout_closed,Investment128,Investment96,Capital Shield,6,106000,0,106000.00,0.00,1280000.00,90000.00,3821000.00,"Payout closed for Investment96: 106000 ARS (6%) funded via marketplace splits"
447,split,Investment128,Investment97,Capital Shield,6,60000,0,60000.00,46000.00,1280000.00,90000.00,3761000.00,"Waterfall split 60000 ARS from Investment128 → Investment97 (60000/106000)"
448,subscription,Investment129,platform,Aggressive Alpha,40,100000,10000,0.00,140000.00,1290000.00,90000.00,3901000.00,"Ticket 100000 ARS; app fee 10000 (10%); distributable 90000; target payout 140000"
449,split,Investment129,Investment97,Capital Shield,6,46000,0,106000.00,0.00,1290000.00,90000.00,3855000.00,"Waterfall split 46000 ARS from Investment129 → Investment97 (106000/106000)"
450,payout_closed,Investment129,Investment97,Capital Shield,6,106000,0,106000.00,0.00,1290000.00,90000.00,3855000.00,"Payout closed for Investment97: 106000 ARS (6%) funded via marketplace splits"
451,split,Investment129,Investment98,Growth Partners,25,44000,0,44000.00,81000.00,1290000.00,90000.00,3811000.00,"Waterfall split 44000 ARS from Investment129 → Investment98 (44000/125000)"
452,subscription,Investment130,platform,Stable Yield,10,100000,10000,0.00,110000.00,1300000.00,90000.00,3921000.00,"Ticket 100000 ARS; app fee 10000 (10%); distributable 90000; target payout 110000"
453,split,Investment130,Investment98,Growth Partners,25,81000,0,125000.00,0.00,1300000.00,90000.00,3840000.00,"Waterfall split 81000 ARS from Investment130 → Investment98 (125000/125000)"
454,payout_closed,Investment130,Investment98,Growth Partners,25,125000,0,125000.00,0.00,1300000.00,90000.00,3840000.00,"Payout closed for Investment98: 125000 ARS (25%) funded via marketplace splits"
455,split,Investment130,Investment99,Stable Yield,10,9000,0,9000.00,101000.00,1300000.00,90000.00,3831000.00,"Waterfall split 9000 ARS from Investment130 → Investment99 (9000/110000)"
456,subscription,Investment131,platform,Growth Partners,25,100000,10000,0.00,125000.00,1310000.00,90000.00,3956000.00,"Ticket 100000 ARS; app fee 10000 (10%); distributable 90000; target payout 125000"
457,split,Investment131,Investment99,Stable Yield,10,90000,0,99000.00,11000.00,1310000.00,90000.00,3866000.00,"Waterfall split 90000 ARS from Investment131 → Investment99 (99000/110000)"
458,subscription,Investment132,platform,Balanced Growth,15,100000,10000,0.00,115000.00,1320000.00,90000.00,3981000.00,"Ticket 100000 ARS; app fee 10000 (10%); distributable 90000; target payout 115000"
459,split,Investment132,Investment99,Stable Yield,10,11000,0,110000.00,0.00,1320000.00,90000.00,3970000.00,"Waterfall split 11000 ARS from Investment132 → Investment99 (110000/110000)"
460,payout_closed,Investment132,Investment99,Stable Yield,10,110000,0,110000.00,0.00,1320000.00,90000.00,3970000.00,"Payout closed for Investment99: 110000 ARS (10%) funded via marketplace splits"
461,split,Investment132,Investment100,Balanced Growth,15,79000,0,79000.00,36000.00,1320000.00,90000.00,3891000.00,"Waterfall split 79000 ARS from Investment132 → Investment100 (79000/115000)"
462,subscription,Investment133,platform,Stable Yield,10,100000,10000,0.00,110000.00,1330000.00,90000.00,4001000.00,"Ticket 100000 ARS; app fee 10000 (10%); distributable 90000; target payout 110000"
463,split,Investment133,Investment100,Balanced Growth,15,36000,0,115000.00,0.00,1330000.00,90000.00,3965000.00,"Waterfall split 36000 ARS from Investment133 → Investment100 (115000/115000)"
464,payout_closed,Investment133,Investment100,Balanced Growth,15,115000,0,115000.00,0.00,1330000.00,90000.00,3965000.00,"Payout closed for Investment100: 115000 ARS (15%) funded via marketplace splits"
465,split,Investment133,Investment101,Capital Shield,6,54000,0,54000.00,52000.00,1330000.00,90000.00,3911000.00,"Waterfall split 54000 ARS from Investment133 → Investment101 (54000/106000)"
466,subscription,Investment134,platform,Aggressive Alpha,40,100000,10000,0.00,140000.00,1340000.00,90000.00,4051000.00,"Ticket 100000 ARS; app fee 10000 (10%); distributable 90000; target payout 140000"
467,split,Investment134,Investment101,Capital Shield,6,52000,0,106000.00,0.00,1340000.00,90000.00,3999000.00,"Waterfall split 52000 ARS from Investment134 → Investment101 (106000/106000)"
468,payout_closed,Investment134,Investment101,Capital Shield,6,106000,0,106000.00,0.00,1340000.00,90000.00,3999000.00,"Payout closed for Investment101: 106000 ARS (6%) funded via marketplace splits"
469,split,Investment134,Investment102,Growth Partners,25,38000,0,38000.00,87000.00,1340000.00,90000.00,3961000.00,"Waterfall split 38000 ARS from Investment134 → Investment102 (38000/125000)"
470,subscription,Investment135,platform,Aggressive Alpha,40,100000,10000,0.00,140000.00,1350000.00,90000.00,4101000.00,"Ticket 100000 ARS; app fee 10000 (10%); distributable 90000; target payout 140000"
471,split,Investment135,Investment102,Growth Partners,25,87000,0,125000.00,0.00,1350000.00,90000.00,4014000.00,"Waterfall split 87000 ARS from Investment135 → Investment102 (125000/125000)"
472,payout_closed,Investment135,Investment102,Growth Partners,25,125000,0,125000.00,0.00,1350000.00,90000.00,4014000.00,"Payout closed for Investment102: 125000 ARS (25%) funded via marketplace splits"
473,split,Investment135,Investment103,Capital Shield,6,3000,0,3000.00,103000.00,1350000.00,90000.00,4011000.00,"Waterfall split 3000 ARS from Investment135 → Investment103 (3000/106000)"
474,subscription,Investment136,platform,Balanced Growth,15,100000,10000,0.00,115000.00,1360000.00,90000.00,4126000.00,"Ticket 100000 ARS; app fee 10000 (10%); distributable 90000; target payout 115000"
475,split,Investment136,Investment103,Capital Shield,6,90000,0,93000.00,13000.00,1360000.00,90000.00,4036000.00,"Waterfall split 90000 ARS from Investment136 → Investment103 (93000/106000)"
476,subscription,Investment137,platform,Stable Yield,10,100000,10000,0.00,110000.00,1370000.00,90000.00,4146000.00,"Ticket 100000 ARS; app fee 10000 (10%); distributable 90000; target payout 110000"
477,split,Investment137,Investment103,Capital Shield,6,13000,0,106000.00,0.00,1370000.00,90000.00,4133000.00,"Waterfall split 13000 ARS from Investment137 → Investment103 (106000/106000)"
478,payout_closed,Investment137,Investment103,Capital Shield,6,106000,0,106000.00,0.00,1370000.00,90000.00,4133000.00,"Payout closed for Investment103: 106000 ARS (6%) funded via marketplace splits"
479,split,Investment137,Investment104,Growth Partners,25,77000,0,77000.00,48000.00,1370000.00,90000.00,4056000.00,"Waterfall split 77000 ARS from Investment137 → Investment104 (77000/125000)"
480,subscription,Investment138,platform,Capital Shield,6,100000,10000,0.00,106000.00,1380000.00,90000.00,4162000.00,"Ticket 100000 ARS; app fee 10000 (10%); distributable 90000; target payout 106000"
481,split,Investment138,Investment104,Growth Partners,25,48000,0,125000.00,0.00,1380000.00,90000.00,4114000.00,"Waterfall split 48000 ARS from Investment138 → Investment104 (125000/125000)"
482,payout_closed,Investment138,Investment104,Growth Partners,25,125000,0,125000.00,0.00,1380000.00,90000.00,4114000.00,"Payout closed for Investment104: 125000 ARS (25%) funded via marketplace splits"
483,split,Investment138,Investment105,Balanced Growth,15,42000,0,42000.00,73000.00,1380000.00,90000.00,4072000.00,"Waterfall split 42000 ARS from Investment138 → Investment105 (42000/115000)"
484,subscription,Investment139,platform,Balanced Growth,15,100000,10000,0.00,115000.00,1390000.00,90000.00,4187000.00,"Ticket 100000 ARS; app fee 10000 (10%); distributable 90000; target payout 115000"
485,split,Investment139,Investment105,Balanced Growth,15,73000,0,115000.00,0.00,1390000.00,90000.00,4114000.00,"Waterfall split 73000 ARS from Investment139 → Investment105 (115000/115000)"
486,payout_closed,Investment139,Investment105,Balanced Growth,15,115000,0,115000.00,0.00,1390000.00,90000.00,4114000.00,"Payout closed for Investment105: 115000 ARS (15%) funded via marketplace splits"
487,split,Investment139,Investment106,Balanced Growth,15,17000,0,17000.00,98000.00,1390000.00,90000.00,4097000.00,"Waterfall split 17000 ARS from Investment139 → Investment106 (17000/115000)"
488,subscription,Investment140,platform,Aggressive Alpha,40,100000,10000,0.00,140000.00,1400000.00,90000.00,4237000.00,"Ticket 100000 ARS; app fee 10000 (10%); distributable 90000; target payout 140000"
489,split,Investment140,Investment106,Balanced Growth,15,90000,0,107000.00,8000.00,1400000.00,90000.00,4147000.00,"Waterfall split 90000 ARS from Investment140 → Investment106 (107000/115000)"
490,subscription,Investment141,platform,Balanced Growth,15,100000,10000,0.00,115000.00,1410000.00,90000.00,4262000.00,"Ticket 100000 ARS; app fee 10000 (10%); distributable 90000; target payout 115000"
491,split,Investment141,Investment106,Balanced Growth,15,8000,0,115000.00,0.00,1410000.00,90000.00,4254000.00,"Waterfall split 8000 ARS from Investment141 → Investment106 (115000/115000)"
492,payout_closed,Investment141,Investment106,Balanced Growth,15,115000,0,115000.00,0.00,1410000.00,90000.00,4254000.00,"Payout closed for Investment106: 115000 ARS (15%) funded via marketplace splits"
493,split,Investment141,Investment107,Growth Partners,25,82000,0,82000.00,43000.00,1410000.00,90000.00,4172000.00,"Waterfall split 82000 ARS from Investment141 → Investment107 (82000/125000)"
494,subscription,Investment142,platform,Capital Shield,6,100000,10000,0.00,106000.00,1420000.00,90000.00,4278000.00,"Ticket 100000 ARS; app fee 10000 (10%); distributable 90000; target payout 106000"
495,split,Investment142,Investment107,Growth Partners,25,43000,0,125000.00,0.00,1420000.00,90000.00,4235000.00,"Waterfall split 43000 ARS from Investment142 → Investment107 (125000/125000)"
496,payout_closed,Investment142,Investment107,Growth Partners,25,125000,0,125000.00,0.00,1420000.00,90000.00,4235000.00,"Payout closed for Investment107: 125000 ARS (25%) funded via marketplace splits"
497,split,Investment142,Investment108,Balanced Growth,15,47000,0,47000.00,68000.00,1420000.00,90000.00,4188000.00,"Waterfall split 47000 ARS from Investment142 → Investment108 (47000/115000)"
498,subscription,Investment143,platform,Stable Yield,10,100000,10000,0.00,110000.00,1430000.00,90000.00,4298000.00,"Ticket 100000 ARS; app fee 10000 (10%); distributable 90000; target payout 110000"
499,split,Investment143,Investment108,Balanced Growth,15,68000,0,115000.00,0.00,1430000.00,90000.00,4230000.00,"Waterfall split 68000 ARS from Investment143 → Investment108 (115000/115000)"
500,payout_closed,Investment143,Investment108,Balanced Growth,15,115000,0,115000.00,0.00,1430000.00,90000.00,4230000.00,"Payout closed for Investment108: 115000 ARS (15%) funded via marketplace splits"
501,split,Investment143,Investment109,Growth Partners,25,22000,0,22000.00,103000.00,1430000.00,90000.00,4208000.00,"Waterfall split 22000 ARS from Investment143 → Investment109 (22000/125000)"
502,subscription,Investment144,platform,Balanced Growth,15,100000,10000,0.00,115000.00,1440000.00,90000.00,4323000.00,"Ticket 100000 ARS; app fee 10000 (10%); distributable 90000; target payout 115000"
503,split,Investment144,Investment109,Growth Partners,25,90000,0,112000.00,13000.00,1440000.00,90000.00,4233000.00,"Waterfall split 90000 ARS from Investment144 → Investment109 (112000/125000)"
504,subscription,Investment145,platform,Aggressive Alpha,40,100000,10000,0.00,140000.00,1450000.00,90000.00,4373000.00,"Ticket 100000 ARS; app fee 10000 (10%); distributable 90000; target payout 140000"
505,split,Investment145,Investment109,Growth Partners,25,13000,0,125000.00,0.00,1450000.00,90000.00,4360000.00,"Waterfall split 13000 ARS from Investment145 → Investment109 (125000/125000)"
506,payout_closed,Investment145,Investment109,Growth Partners,25,125000,0,125000.00,0.00,1450000.00,90000.00,4360000.00,"Payout closed for Investment109: 125000 ARS (25%) funded via marketplace splits"
507,split,Investment145,Investment110,Aggressive Alpha,40,77000,0,77000.00,63000.00,1450000.00,90000.00,4283000.00,"Waterfall split 77000 ARS from Investment145 → Investment110 (77000/140000)"
508,subscription,Investment146,platform,Capital Shield,6,100000,10000,0.00,106000.00,1460000.00,90000.00,4389000.00,"Ticket 100000 ARS; app fee 10000 (10%); distributable 90000; target payout 106000"
509,split,Investment146,Investment110,Aggressive Alpha,40,63000,0,140000.00,0.00,1460000.00,90000.00,4326000.00,"Waterfall split 63000 ARS from Investment146 → Investment110 (140000/140000)"
510,payout_closed,Investment146,Investment110,Aggressive Alpha,40,140000,0,140000.00,0.00,1460000.00,90000.00,4326000.00,"Payout closed for Investment110: 140000 ARS (40%) funded via marketplace splits"
511,split,Investment146,Investment111,Aggressive Alpha,40,27000,0,27000.00,113000.00,1460000.00,90000.00,4299000.00,"Waterfall split 27000 ARS from Investment146 → Investment111 (27000/140000)"
512,subscription,Investment147,platform,Balanced Growth,15,100000,10000,0.00,115000.00,1470000.00,90000.00,4414000.00,"Ticket 100000 ARS; app fee 10000 (10%); distributable 90000; target payout 115000"
513,split,Investment147,Investment111,Aggressive Alpha,40,90000,0,117000.00,23000.00,1470000.00,90000.00,4324000.00,"Waterfall split 90000 ARS from Investment147 → Investment111 (117000/140000)"
514,subscription,Investment148,platform,Aggressive Alpha,40,100000,10000,0.00,140000.00,1480000.00,90000.00,4464000.00,"Ticket 100000 ARS; app fee 10000 (10%); distributable 90000; target payout 140000"
515,split,Investment148,Investment111,Aggressive Alpha,40,23000,0,140000.00,0.00,1480000.00,90000.00,4441000.00,"Waterfall split 23000 ARS from Investment148 → Investment111 (140000/140000)"
516,payout_closed,Investment148,Investment111,Aggressive Alpha,40,140000,0,140000.00,0.00,1480000.00,90000.00,4441000.00,"Payout closed for Investment111: 140000 ARS (40%) funded via marketplace splits"
517,split,Investment148,Investment112,Capital Shield,6,67000,0,67000.00,39000.00,1480000.00,90000.00,4374000.00,"Waterfall split 67000 ARS from Investment148 → Investment112 (67000/106000)"
518,subscription,Investment149,platform,Capital Shield,6,100000,10000,0.00,106000.00,1490000.00,90000.00,4480000.00,"Ticket 100000 ARS; app fee 10000 (10%); distributable 90000; target payout 106000"
519,split,Investment149,Investment112,Capital Shield,6,39000,0,106000.00,0.00,1490000.00,90000.00,4441000.00,"Waterfall split 39000 ARS from Investment149 → Investment112 (106000/106000)"
520,payout_closed,Investment149,Investment112,Capital Shield,6,106000,0,106000.00,0.00,1490000.00,90000.00,4441000.00,"Payout closed for Investment112: 106000 ARS (6%) funded via marketplace splits"
521,split,Investment149,Investment113,Aggressive Alpha,40,51000,0,51000.00,89000.00,1490000.00,90000.00,4390000.00,"Waterfall split 51000 ARS from Investment149 → Investment113 (51000/140000)"
522,subscription,Investment150,platform,Aggressive Alpha,40,100000,10000,0.00,140000.00,1500000.00,90000.00,4530000.00,"Ticket 100000 ARS; app fee 10000 (10%); distributable 90000; target payout 140000"
523,split,Investment150,Investment113,Aggressive Alpha,40,89000,0,140000.00,0.00,1500000.00,90000.00,4441000.00,"Waterfall split 89000 ARS from Investment150 → Investment113 (140000/140000)"
524,payout_closed,Investment150,Investment113,Aggressive Alpha,40,140000,0,140000.00,0.00,1500000.00,90000.00,4441000.00,"Payout closed for Investment113: 140000 ARS (40%) funded via marketplace splits"
525,split,Investment150,Investment114,Balanced Growth,15,1000,0,1000.00,114000.00,1500000.00,90000.00,4440000.00,"Waterfall split 1000 ARS from Investment150 → Investment114 (1000/115000)"
526,subscription,Investment151,platform,Growth Partners,25,100000,10000,0.00,125000.00,1510000.00,90000.00,4565000.00,"Ticket 100000 ARS; app fee 10000 (10%); distributable 90000; target payout 125000"
527,split,Investment151,Investment114,Balanced Growth,15,90000,0,91000.00,24000.00,1510000.00,90000.00,4475000.00,"Waterfall split 90000 ARS from Investment151 → Investment114 (91000/115000)"
528,subscription,Investment152,platform,Aggressive Alpha,40,100000,10000,0.00,140000.00,1520000.00,90000.00,4615000.00,"Ticket 100000 ARS; app fee 10000 (10%); distributable 90000; target payout 140000"
529,split,Investment152,Investment114,Balanced Growth,15,24000,0,115000.00,0.00,1520000.00,90000.00,4591000.00,"Waterfall split 24000 ARS from Investment152 → Investment114 (115000/115000)"
530,payout_closed,Investment152,Investment114,Balanced Growth,15,115000,0,115000.00,0.00,1520000.00,90000.00,4591000.00,"Payout closed for Investment114: 115000 ARS (15%) funded via marketplace splits"
531,split,Investment152,Investment115,Capital Shield,6,66000,0,66000.00,40000.00,1520000.00,90000.00,4525000.00,"Waterfall split 66000 ARS from Investment152 → Investment115 (66000/106000)"
532,subscription,Investment153,platform,Capital Shield,6,100000,10000,0.00,106000.00,1530000.00,90000.00,4631000.00,"Ticket 100000 ARS; app fee 10000 (10%); distributable 90000; target payout 106000"
533,split,Investment153,Investment115,Capital Shield,6,40000,0,106000.00,0.00,1530000.00,90000.00,4591000.00,"Waterfall split 40000 ARS from Investment153 → Investment115 (106000/106000)"
534,payout_closed,Investment153,Investment115,Capital Shield,6,106000,0,106000.00,0.00,1530000.00,90000.00,4591000.00,"Payout closed for Investment115: 106000 ARS (6%) funded via marketplace splits"
535,split,Investment153,Investment116,Growth Partners,25,50000,0,50000.00,75000.00,1530000.00,90000.00,4541000.00,"Waterfall split 50000 ARS from Investment153 → Investment116 (50000/125000)"
536,subscription,Investment154,platform,Stable Yield,10,100000,10000,0.00,110000.00,1540000.00,90000.00,4651000.00,"Ticket 100000 ARS; app fee 10000 (10%); distributable 90000; target payout 110000"
537,split,Investment154,Investment116,Growth Partners,25,75000,0,125000.00,0.00,1540000.00,90000.00,4576000.00,"Waterfall split 75000 ARS from Investment154 → Investment116 (125000/125000)"
538,payout_closed,Investment154,Investment116,Growth Partners,25,125000,0,125000.00,0.00,1540000.00,90000.00,4576000.00,"Payout closed for Investment116: 125000 ARS (25%) funded via marketplace splits"
539,split,Investment154,Investment117,Aggressive Alpha,40,15000,0,15000.00,125000.00,1540000.00,90000.00,4561000.00,"Waterfall split 15000 ARS from Investment154 → Investment117 (15000/140000)"
540,subscription,Investment155,platform,Aggressive Alpha,40,100000,10000,0.00,140000.00,1550000.00,90000.00,4701000.00,"Ticket 100000 ARS; app fee 10000 (10%); distributable 90000; target payout 140000"
541,split,Investment155,Investment117,Aggressive Alpha,40,90000,0,105000.00,35000.00,1550000.00,90000.00,4611000.00,"Waterfall split 90000 ARS from Investment155 → Investment117 (105000/140000)"
542,subscription,Investment156,platform,Capital Shield,6,100000,10000,0.00,106000.00,1560000.00,90000.00,4717000.00,"Ticket 100000 ARS; app fee 10000 (10%); distributable 90000; target payout 106000"
543,split,Investment156,Investment117,Aggressive Alpha,40,35000,0,140000.00,0.00,1560000.00,90000.00,4682000.00,"Waterfall split 35000 ARS from Investment156 → Investment117 (140000/140000)"
544,payout_closed,Investment156,Investment117,Aggressive Alpha,40,140000,0,140000.00,0.00,1560000.00,90000.00,4682000.00,"Payout closed for Investment117: 140000 ARS (40%) funded via marketplace splits"
545,split,Investment156,Investment118,Growth Partners,25,55000,0,55000.00,70000.00,1560000.00,90000.00,4627000.00,"Waterfall split 55000 ARS from Investment156 → Investment118 (55000/125000)"
546,subscription,Investment157,platform,Stable Yield,10,100000,10000,0.00,110000.00,1570000.00,90000.00,4737000.00,"Ticket 100000 ARS; app fee 10000 (10%); distributable 90000; target payout 110000"
547,split,Investment157,Investment118,Growth Partners,25,70000,0,125000.00,0.00,1570000.00,90000.00,4667000.00,"Waterfall split 70000 ARS from Investment157 → Investment118 (125000/125000)"
548,payout_closed,Investment157,Investment118,Growth Partners,25,125000,0,125000.00,0.00,1570000.00,90000.00,4667000.00,"Payout closed for Investment118: 125000 ARS (25%) funded via marketplace splits"
549,split,Investment157,Investment119,Capital Shield,6,20000,0,20000.00,86000.00,1570000.00,90000.00,4647000.00,"Waterfall split 20000 ARS from Investment157 → Investment119 (20000/106000)"
550,subscription,Investment158,platform,Growth Partners,25,100000,10000,0.00,125000.00,1580000.00,90000.00,4772000.00,"Ticket 100000 ARS; app fee 10000 (10%); distributable 90000; target payout 125000"
551,split,Investment158,Investment119,Capital Shield,6,86000,0,106000.00,0.00,1580000.00,90000.00,4686000.00,"Waterfall split 86000 ARS from Investment158 → Investment119 (106000/106000)"
552,payout_closed,Investment158,Investment119,Capital Shield,6,106000,0,106000.00,0.00,1580000.00,90000.00,4686000.00,"Payout closed for Investment119: 106000 ARS (6%) funded via marketplace splits"
553,split,Investment158,Investment120,Balanced Growth,15,4000,0,4000.00,111000.00,1580000.00,90000.00,4682000.00,"Waterfall split 4000 ARS from Investment158 → Investment120 (4000/115000)"
554,subscription,Investment159,platform,Aggressive Alpha,40,100000,10000,0.00,140000.00,1590000.00,90000.00,4822000.00,"Ticket 100000 ARS; app fee 10000 (10%); distributable 90000; target payout 140000"
555,split,Investment159,Investment120,Balanced Growth,15,90000,0,94000.00,21000.00,1590000.00,90000.00,4732000.00,"Waterfall split 90000 ARS from Investment159 → Investment120 (94000/115000)"
556,subscription,Investment160,platform,Capital Shield,6,100000,10000,0.00,106000.00,1600000.00,90000.00,4838000.00,"Ticket 100000 ARS; app fee 10000 (10%); distributable 90000; target payout 106000"
557,split,Investment160,Investment120,Balanced Growth,15,21000,0,115000.00,0.00,1600000.00,90000.00,4817000.00,"Waterfall split 21000 ARS from Investment160 → Investment120 (115000/115000)"
558,payout_closed,Investment160,Investment120,Balanced Growth,15,115000,0,115000.00,0.00,1600000.00,90000.00,4817000.00,"Payout closed for Investment120: 115000 ARS (15%) funded via marketplace splits"
559,split,Investment160,Investment121,Stable Yield,10,69000,0,69000.00,41000.00,1600000.00,90000.00,4748000.00,"Waterfall split 69000 ARS from Investment160 → Investment121 (69000/110000)"
560,subscription,Investment161,platform,Aggressive Alpha,40,100000,10000,0.00,140000.00,1610000.00,90000.00,4888000.00,"Ticket 100000 ARS; app fee 10000 (10%); distributable 90000; target payout 140000"
561,split,Investment161,Investment121,Stable Yield,10,41000,0,110000.00,0.00,1610000.00,90000.00,4847000.00,"Waterfall split 41000 ARS from Investment161 → Investment121 (110000/110000)"
562,payout_closed,Investment161,Investment121,Stable Yield,10,110000,0,110000.00,0.00,1610000.00,90000.00,4847000.00,"Payout closed for Investment121: 110000 ARS (10%) funded via marketplace splits"
563,split,Investment161,Investment122,Aggressive Alpha,40,49000,0,49000.00,91000.00,1610000.00,90000.00,4798000.00,"Waterfall split 49000 ARS from Investment161 → Investment122 (49000/140000)"
564,subscription,Investment162,platform,Capital Shield,6,100000,10000,0.00,106000.00,1620000.00,90000.00,4904000.00,"Ticket 100000 ARS; app fee 10000 (10%); distributable 90000; target payout 106000"
565,split,Investment162,Investment122,Aggressive Alpha,40,90000,0,139000.00,1000.00,1620000.00,90000.00,4814000.00,"Waterfall split 90000 ARS from Investment162 → Investment122 (139000/140000)"
566,subscription,Investment163,platform,Aggressive Alpha,40,100000,10000,0.00,140000.00,1630000.00,90000.00,4954000.00,"Ticket 100000 ARS; app fee 10000 (10%); distributable 90000; target payout 140000"
567,split,Investment163,Investment122,Aggressive Alpha,40,1000,0,140000.00,0.00,1630000.00,90000.00,4953000.00,"Waterfall split 1000 ARS from Investment163 → Investment122 (140000/140000)"
568,payout_closed,Investment163,Investment122,Aggressive Alpha,40,140000,0,140000.00,0.00,1630000.00,90000.00,4953000.00,"Payout closed for Investment122: 140000 ARS (40%) funded via marketplace splits"
569,split,Investment163,Investment123,Stable Yield,10,89000,0,89000.00,21000.00,1630000.00,90000.00,4864000.00,"Waterfall split 89000 ARS from Investment163 → Investment123 (89000/110000)"
570,subscription,Investment164,platform,Stable Yield,10,100000,10000,0.00,110000.00,1640000.00,90000.00,4974000.00,"Ticket 100000 ARS; app fee 10000 (10%); distributable 90000; target payout 110000"
571,split,Investment164,Investment123,Stable Yield,10,21000,0,110000.00,0.00,1640000.00,90000.00,4953000.00,"Waterfall split 21000 ARS from Investment164 → Investment123 (110000/110000)"
572,payout_closed,Investment164,Investment123,Stable Yield,10,110000,0,110000.00,0.00,1640000.00,90000.00,4953000.00,"Payout closed for Investment123: 110000 ARS (10%) funded via marketplace splits"
573,split,Investment164,Investment124,Balanced Growth,15,69000,0,69000.00,46000.00,1640000.00,90000.00,4884000.00,"Waterfall split 69000 ARS from Investment164 → Investment124 (69000/115000)"
574,subscription,Investment165,platform,Growth Partners,25,100000,10000,0.00,125000.00,1650000.00,90000.00,5009000.00,"Ticket 100000 ARS; app fee 10000 (10%); distributable 90000; target payout 125000"
575,split,Investment165,Investment124,Balanced Growth,15,46000,0,115000.00,0.00,1650000.00,90000.00,4963000.00,"Waterfall split 46000 ARS from Investment165 → Investment124 (115000/115000)"
576,payout_closed,Investment165,Investment124,Balanced Growth,15,115000,0,115000.00,0.00,1650000.00,90000.00,4963000.00,"Payout closed for Investment124: 115000 ARS (15%) funded via marketplace splits"
577,split,Investment165,Investment125,Stable Yield,10,44000,0,44000.00,66000.00,1650000.00,90000.00,4919000.00,"Waterfall split 44000 ARS from Investment165 → Investment125 (44000/110000)"
578,subscription,Investment166,platform,Stable Yield,10,100000,10000,0.00,110000.00,1660000.00,90000.00,5029000.00,"Ticket 100000 ARS; app fee 10000 (10%); distributable 90000; target payout 110000"
579,split,Investment166,Investment125,Stable Yield,10,66000,0,110000.00,0.00,1660000.00,90000.00,4963000.00,"Waterfall split 66000 ARS from Investment166 → Investment125 (110000/110000)"
580,payout_closed,Investment166,Investment125,Stable Yield,10,110000,0,110000.00,0.00,1660000.00,90000.00,4963000.00,"Payout closed for Investment125: 110000 ARS (10%) funded via marketplace splits"
581,split,Investment166,Investment126,Balanced Growth,15,24000,0,24000.00,91000.00,1660000.00,90000.00,4939000.00,"Waterfall split 24000 ARS from Investment166 → Investment126 (24000/115000)"
582,subscription,Investment167,platform,Stable Yield,10,100000,10000,0.00,110000.00,1670000.00,90000.00,5049000.00,"Ticket 100000 ARS; app fee 10000 (10%); distributable 90000; target payout 110000"
583,split,Investment167,Investment126,Balanced Growth,15,90000,0,114000.00,1000.00,1670000.00,90000.00,4959000.00,"Waterfall split 90000 ARS from Investment167 → Investment126 (114000/115000)"
584,subscription,Investment168,platform,Aggressive Alpha,40,100000,10000,0.00,140000.00,1680000.00,90000.00,5099000.00,"Ticket 100000 ARS; app fee 10000 (10%); distributable 90000; target payout 140000"
585,split,Investment168,Investment126,Balanced Growth,15,1000,0,115000.00,0.00,1680000.00,90000.00,5098000.00,"Waterfall split 1000 ARS from Investment168 → Investment126 (115000/115000)"
586,payout_closed,Investment168,Investment126,Balanced Growth,15,115000,0,115000.00,0.00,1680000.00,90000.00,5098000.00,"Payout closed for Investment126: 115000 ARS (15%) funded via marketplace splits"
587,split,Investment168,Investment127,Aggressive Alpha,40,89000,0,89000.00,51000.00,1680000.00,90000.00,5009000.00,"Waterfall split 89000 ARS from Investment168 → Investment127 (89000/140000)"
588,subscription,Investment169,platform,Aggressive Alpha,40,100000,10000,0.00,140000.00,1690000.00,90000.00,5149000.00,"Ticket 100000 ARS; app fee 10000 (10%); distributable 90000; target payout 140000"
589,split,Investment169,Investment127,Aggressive Alpha,40,51000,0,140000.00,0.00,1690000.00,90000.00,5098000.00,"Waterfall split 51000 ARS from Investment169 → Investment127 (140000/140000)"
590,payout_closed,Investment169,Investment127,Aggressive Alpha,40,140000,0,140000.00,0.00,1690000.00,90000.00,5098000.00,"Payout closed for Investment127: 140000 ARS (40%) funded via marketplace splits"
591,split,Investment169,Investment128,Stable Yield,10,39000,0,39000.00,71000.00,1690000.00,90000.00,5059000.00,"Waterfall split 39000 ARS from Investment169 → Investment128 (39000/110000)"
592,subscription,Investment170,platform,Aggressive Alpha,40,100000,10000,0.00,140000.00,1700000.00,90000.00,5199000.00,"Ticket 100000 ARS; app fee 10000 (10%); distributable 90000; target payout 140000"
593,split,Investment170,Investment128,Stable Yield,10,71000,0,110000.00,0.00,1700000.00,90000.00,5128000.00,"Waterfall split 71000 ARS from Investment170 → Investment128 (110000/110000)"
594,payout_closed,Investment170,Investment128,Stable Yield,10,110000,0,110000.00,0.00,1700000.00,90000.00,5128000.00,"Payout closed for Investment128: 110000 ARS (10%) funded via marketplace splits"
595,split,Investment170,Investment129,Aggressive Alpha,40,19000,0,19000.00,121000.00,1700000.00,90000.00,5109000.00,"Waterfall split 19000 ARS from Investment170 → Investment129 (19000/140000)"
596,subscription,Investment171,platform,Capital Shield,6,100000,10000,0.00,106000.00,1710000.00,90000.00,5215000.00,"Ticket 100000 ARS; app fee 10000 (10%); distributable 90000; target payout 106000"
597,split,Investment171,Investment129,Aggressive Alpha,40,90000,0,109000.00,31000.00,1710000.00,90000.00,5125000.00,"Waterfall split 90000 ARS from Investment171 → Investment129 (109000/140000)"
598,subscription,Investment172,platform,Aggressive Alpha,40,100000,10000,0.00,140000.00,1720000.00,90000.00,5265000.00,"Ticket 100000 ARS; app fee 10000 (10%); distributable 90000; target payout 140000"
599,split,Investment172,Investment129,Aggressive Alpha,40,31000,0,140000.00,0.00,1720000.00,90000.00,5234000.00,"Waterfall split 31000 ARS from Investment172 → Investment129 (140000/140000)"
600,payout_closed,Investment172,Investment129,Aggressive Alpha,40,140000,0,140000.00,0.00,1720000.00,90000.00,5234000.00,"Payout closed for Investment129: 140000 ARS (40%) funded via marketplace splits"
601,split,Investment172,Investment130,Stable Yield,10,59000,0,59000.00,51000.00,1720000.00,90000.00,5175000.00,"Waterfall split 59000 ARS from Investment172 → Investment130 (59000/110000)"
602,subscription,Investment173,platform,Growth Partners,25,100000,10000,0.00,125000.00,1730000.00,90000.00,5300000.00,"Ticket 100000 ARS; app fee 10000 (10%); distributable 90000; target payout 125000"
603,split,Investment173,Investment130,Stable Yield,10,51000,0,110000.00,0.00,1730000.00,90000.00,5249000.00,"Waterfall split 51000 ARS from Investment173 → Investment130 (110000/110000)"
604,payout_closed,Investment173,Investment130,Stable Yield,10,110000,0,110000.00,0.00,1730000.00,90000.00,5249000.00,"Payout closed for Investment130: 110000 ARS (10%) funded via marketplace splits"
605,split,Investment173,Investment131,Growth Partners,25,39000,0,39000.00,86000.00,1730000.00,90000.00,5210000.00,"Waterfall split 39000 ARS from Investment173 → Investment131 (39000/125000)"
606,subscription,Investment174,platform,Growth Partners,25,100000,10000,0.00,125000.00,1740000.00,90000.00,5335000.00,"Ticket 100000 ARS; app fee 10000 (10%); distributable 90000; target payout 125000"
607,split,Investment174,Investment131,Growth Partners,25,86000,0,125000.00,0.00,1740000.00,90000.00,5249000.00,"Waterfall split 86000 ARS from Investment174 → Investment131 (125000/125000)"
608,payout_closed,Investment174,Investment131,Growth Partners,25,125000,0,125000.00,0.00,1740000.00,90000.00,5249000.00,"Payout closed for Investment131: 125000 ARS (25%) funded via marketplace splits"
609,split,Investment174,Investment132,Balanced Growth,15,4000,0,4000.00,111000.00,1740000.00,90000.00,5245000.00,"Waterfall split 4000 ARS from Investment174 → Investment132 (4000/115000)"
610,subscription,Investment175,platform,Balanced Growth,15,100000,10000,0.00,115000.00,1750000.00,90000.00,5360000.00,"Ticket 100000 ARS; app fee 10000 (10%); distributable 90000; target payout 115000"
611,split,Investment175,Investment132,Balanced Growth,15,90000,0,94000.00,21000.00,1750000.00,90000.00,5270000.00,"Waterfall split 90000 ARS from Investment175 → Investment132 (94000/115000)"
612,subscription,Investment176,platform,Balanced Growth,15,100000,10000,0.00,115000.00,1760000.00,90000.00,5385000.00,"Ticket 100000 ARS; app fee 10000 (10%); distributable 90000; target payout 115000"
613,split,Investment176,Investment132,Balanced Growth,15,21000,0,115000.00,0.00,1760000.00,90000.00,5364000.00,"Waterfall split 21000 ARS from Investment176 → Investment132 (115000/115000)"
614,payout_closed,Investment176,Investment132,Balanced Growth,15,115000,0,115000.00,0.00,1760000.00,90000.00,5364000.00,"Payout closed for Investment132: 115000 ARS (15%) funded via marketplace splits"
615,split,Investment176,Investment133,Stable Yield,10,69000,0,69000.00,41000.00,1760000.00,90000.00,5295000.00,"Waterfall split 69000 ARS from Investment176 → Investment133 (69000/110000)"
616,subscription,Investment177,platform,Aggressive Alpha,40,100000,10000,0.00,140000.00,1770000.00,90000.00,5435000.00,"Ticket 100000 ARS; app fee 10000 (10%); distributable 90000; target payout 140000"
617,split,Investment177,Investment133,Stable Yield,10,41000,0,110000.00,0.00,1770000.00,90000.00,5394000.00,"Waterfall split 41000 ARS from Investment177 → Investment133 (110000/110000)"
618,payout_closed,Investment177,Investment133,Stable Yield,10,110000,0,110000.00,0.00,1770000.00,90000.00,5394000.00,"Payout closed for Investment133: 110000 ARS (10%) funded via marketplace splits"
619,split,Investment177,Investment134,Aggressive Alpha,40,49000,0,49000.00,91000.00,1770000.00,90000.00,5345000.00,"Waterfall split 49000 ARS from Investment177 → Investment134 (49000/140000)"
620,subscription,Investment178,platform,Stable Yield,10,100000,10000,0.00,110000.00,1780000.00,90000.00,5455000.00,"Ticket 100000 ARS; app fee 10000 (10%); distributable 90000; target payout 110000"
621,split,Investment178,Investment134,Aggressive Alpha,40,90000,0,139000.00,1000.00,1780000.00,90000.00,5365000.00,"Waterfall split 90000 ARS from Investment178 → Investment134 (139000/140000)"
622,subscription,Investment179,platform,Balanced Growth,15,100000,10000,0.00,115000.00,1790000.00,90000.00,5480000.00,"Ticket 100000 ARS; app fee 10000 (10%); distributable 90000; target payout 115000"
623,split,Investment179,Investment134,Aggressive Alpha,40,1000,0,140000.00,0.00,1790000.00,90000.00,5479000.00,"Waterfall split 1000 ARS from Investment179 → Investment134 (140000/140000)"
624,payout_closed,Investment179,Investment134,Aggressive Alpha,40,140000,0,140000.00,0.00,1790000.00,90000.00,5479000.00,"Payout closed for Investment134: 140000 ARS (40%) funded via marketplace splits"
625,split,Investment179,Investment135,Aggressive Alpha,40,89000,0,89000.00,51000.00,1790000.00,90000.00,5390000.00,"Waterfall split 89000 ARS from Investment179 → Investment135 (89000/140000)"
626,subscription,Investment180,platform,Capital Shield,6,100000,10000,0.00,106000.00,1800000.00,90000.00,5496000.00,"Ticket 100000 ARS; app fee 10000 (10%); distributable 90000; target payout 106000"
627,split,Investment180,Investment135,Aggressive Alpha,40,51000,0,140000.00,0.00,1800000.00,90000.00,5445000.00,"Waterfall split 51000 ARS from Investment180 → Investment135 (140000/140000)"
628,payout_closed,Investment180,Investment135,Aggressive Alpha,40,140000,0,140000.00,0.00,1800000.00,90000.00,5445000.00,"Payout closed for Investment135: 140000 ARS (40%) funded via marketplace splits"
629,split,Investment180,Investment136,Balanced Growth,15,39000,0,39000.00,76000.00,1800000.00,90000.00,5406000.00,"Waterfall split 39000 ARS from Investment180 → Investment136 (39000/115000)"
630,subscription,Investment181,platform,Aggressive Alpha,40,100000,10000,0.00,140000.00,1810000.00,90000.00,5546000.00,"Ticket 100000 ARS; app fee 10000 (10%); distributable 90000; target payout 140000"
631,split,Investment181,Investment136,Balanced Growth,15,76000,0,115000.00,0.00,1810000.00,90000.00,5470000.00,"Waterfall split 76000 ARS from Investment181 → Investment136 (115000/115000)"
632,payout_closed,Investment181,Investment136,Balanced Growth,15,115000,0,115000.00,0.00,1810000.00,90000.00,5470000.00,"Payout closed for Investment136: 115000 ARS (15%) funded via marketplace splits"
633,split,Investment181,Investment137,Stable Yield,10,14000,0,14000.00,96000.00,1810000.00,90000.00,5456000.00,"Waterfall split 14000 ARS from Investment181 → Investment137 (14000/110000)"
634,subscription,Investment182,platform,Stable Yield,10,100000,10000,0.00,110000.00,1820000.00,90000.00,5566000.00,"Ticket 100000 ARS; app fee 10000 (10%); distributable 90000; target payout 110000"
635,split,Investment182,Investment137,Stable Yield,10,90000,0,104000.00,6000.00,1820000.00,90000.00,5476000.00,"Waterfall split 90000 ARS from Investment182 → Investment137 (104000/110000)"
636,subscription,Investment183,platform,Stable Yield,10,100000,10000,0.00,110000.00,1830000.00,90000.00,5586000.00,"Ticket 100000 ARS; app fee 10000 (10%); distributable 90000; target payout 110000"
637,split,Investment183,Investment137,Stable Yield,10,6000,0,110000.00,0.00,1830000.00,90000.00,5580000.00,"Waterfall split 6000 ARS from Investment183 → Investment137 (110000/110000)"
638,payout_closed,Investment183,Investment137,Stable Yield,10,110000,0,110000.00,0.00,1830000.00,90000.00,5580000.00,"Payout closed for Investment137: 110000 ARS (10%) funded via marketplace splits"
639,split,Investment183,Investment138,Capital Shield,6,84000,0,84000.00,22000.00,1830000.00,90000.00,5496000.00,"Waterfall split 84000 ARS from Investment183 → Investment138 (84000/106000)"
640,subscription,Investment184,platform,Growth Partners,25,100000,10000,0.00,125000.00,1840000.00,90000.00,5621000.00,"Ticket 100000 ARS; app fee 10000 (10%); distributable 90000; target payout 125000"
641,split,Investment184,Investment138,Capital Shield,6,22000,0,106000.00,0.00,1840000.00,90000.00,5599000.00,"Waterfall split 22000 ARS from Investment184 → Investment138 (106000/106000)"
642,payout_closed,Investment184,Investment138,Capital Shield,6,106000,0,106000.00,0.00,1840000.00,90000.00,5599000.00,"Payout closed for Investment138: 106000 ARS (6%) funded via marketplace splits"
643,split,Investment184,Investment139,Balanced Growth,15,68000,0,68000.00,47000.00,1840000.00,90000.00,5531000.00,"Waterfall split 68000 ARS from Investment184 → Investment139 (68000/115000)"
644,subscription,Investment185,platform,Aggressive Alpha,40,100000,10000,0.00,140000.00,1850000.00,90000.00,5671000.00,"Ticket 100000 ARS; app fee 10000 (10%); distributable 90000; target payout 140000"
645,split,Investment185,Investment139,Balanced Growth,15,47000,0,115000.00,0.00,1850000.00,90000.00,5624000.00,"Waterfall split 47000 ARS from Investment185 → Investment139 (115000/115000)"
646,payout_closed,Investment185,Investment139,Balanced Growth,15,115000,0,115000.00,0.00,1850000.00,90000.00,5624000.00,"Payout closed for Investment139: 115000 ARS (15%) funded via marketplace splits"
647,split,Investment185,Investment140,Aggressive Alpha,40,43000,0,43000.00,97000.00,1850000.00,90000.00,5581000.00,"Waterfall split 43000 ARS from Investment185 → Investment140 (43000/140000)"
648,subscription,Investment186,platform,Stable Yield,10,100000,10000,0.00,110000.00,1860000.00,90000.00,5691000.00,"Ticket 100000 ARS; app fee 10000 (10%); distributable 90000; target payout 110000"
649,split,Investment186,Investment140,Aggressive Alpha,40,90000,0,133000.00,7000.00,1860000.00,90000.00,5601000.00,"Waterfall split 90000 ARS from Investment186 → Investment140 (133000/140000)"
650,subscription,Investment187,platform,Balanced Growth,15,100000,10000,0.00,115000.00,1870000.00,90000.00,5716000.00,"Ticket 100000 ARS; app fee 10000 (10%); distributable 90000; target payout 115000"
651,split,Investment187,Investment140,Aggressive Alpha,40,7000,0,140000.00,0.00,1870000.00,90000.00,5709000.00,"Waterfall split 7000 ARS from Investment187 → Investment140 (140000/140000)"
652,payout_closed,Investment187,Investment140,Aggressive Alpha,40,140000,0,140000.00,0.00,1870000.00,90000.00,5709000.00,"Payout closed for Investment140: 140000 ARS (40%) funded via marketplace splits"
653,split,Investment187,Investment141,Balanced Growth,15,83000,0,83000.00,32000.00,1870000.00,90000.00,5626000.00,"Waterfall split 83000 ARS from Investment187 → Investment141 (83000/115000)"
654,subscription,Investment188,platform,Stable Yield,10,100000,10000,0.00,110000.00,1880000.00,90000.00,5736000.00,"Ticket 100000 ARS; app fee 10000 (10%); distributable 90000; target payout 110000"
655,split,Investment188,Investment141,Balanced Growth,15,32000,0,115000.00,0.00,1880000.00,90000.00,5704000.00,"Waterfall split 32000 ARS from Investment188 → Investment141 (115000/115000)"
656,payout_closed,Investment188,Investment141,Balanced Growth,15,115000,0,115000.00,0.00,1880000.00,90000.00,5704000.00,"Payout closed for Investment141: 115000 ARS (15%) funded via marketplace splits"
657,split,Investment188,Investment142,Capital Shield,6,58000,0,58000.00,48000.00,1880000.00,90000.00,5646000.00,"Waterfall split 58000 ARS from Investment188 → Investment142 (58000/106000)"
658,subscription,Investment189,platform,Capital Shield,6,100000,10000,0.00,106000.00,1890000.00,90000.00,5752000.00,"Ticket 100000 ARS; app fee 10000 (10%); distributable 90000; target payout 106000"
659,split,Investment189,Investment142,Capital Shield,6,48000,0,106000.00,0.00,1890000.00,90000.00,5704000.00,"Waterfall split 48000 ARS from Investment189 → Investment142 (106000/106000)"
660,payout_closed,Investment189,Investment142,Capital Shield,6,106000,0,106000.00,0.00,1890000.00,90000.00,5704000.00,"Payout closed for Investment142: 106000 ARS (6%) funded via marketplace splits"
661,split,Investment189,Investment143,Stable Yield,10,42000,0,42000.00,68000.00,1890000.00,90000.00,5662000.00,"Waterfall split 42000 ARS from Investment189 → Investment143 (42000/110000)"
662,subscription,Investment190,platform,Capital Shield,6,100000,10000,0.00,106000.00,1900000.00,90000.00,5768000.00,"Ticket 100000 ARS; app fee 10000 (10%); distributable 90000; target payout 106000"
663,split,Investment190,Investment143,Stable Yield,10,68000,0,110000.00,0.00,1900000.00,90000.00,5700000.00,"Waterfall split 68000 ARS from Investment190 → Investment143 (110000/110000)"
664,payout_closed,Investment190,Investment143,Stable Yield,10,110000,0,110000.00,0.00,1900000.00,90000.00,5700000.00,"Payout closed for Investment143: 110000 ARS (10%) funded via marketplace splits"
665,split,Investment190,Investment144,Balanced Growth,15,22000,0,22000.00,93000.00,1900000.00,90000.00,5678000.00,"Waterfall split 22000 ARS from Investment190 → Investment144 (22000/115000)"
666,subscription,Investment191,platform,Balanced Growth,15,100000,10000,0.00,115000.00,1910000.00,90000.00,5793000.00,"Ticket 100000 ARS; app fee 10000 (10%); distributable 90000; target payout 115000"
667,split,Investment191,Investment144,Balanced Growth,15,90000,0,112000.00,3000.00,1910000.00,90000.00,5703000.00,"Waterfall split 90000 ARS from Investment191 → Investment144 (112000/115000)"
668,subscription,Investment192,platform,Balanced Growth,15,100000,10000,0.00,115000.00,1920000.00,90000.00,5818000.00,"Ticket 100000 ARS; app fee 10000 (10%); distributable 90000; target payout 115000"
669,split,Investment192,Investment144,Balanced Growth,15,3000,0,115000.00,0.00,1920000.00,90000.00,5815000.00,"Waterfall split 3000 ARS from Investment192 → Investment144 (115000/115000)"
670,payout_closed,Investment192,Investment144,Balanced Growth,15,115000,0,115000.00,0.00,1920000.00,90000.00,5815000.00,"Payout closed for Investment144: 115000 ARS (15%) funded via marketplace splits"
671,split,Investment192,Investment145,Aggressive Alpha,40,87000,0,87000.00,53000.00,1920000.00,90000.00,5728000.00,"Waterfall split 87000 ARS from Investment192 → Investment145 (87000/140000)"
672,subscription,Investment193,platform,Stable Yield,10,100000,10000,0.00,110000.00,1930000.00,90000.00,5838000.00,"Ticket 100000 ARS; app fee 10000 (10%); distributable 90000; target payout 110000"
673,split,Investment193,Investment145,Aggressive Alpha,40,53000,0,140000.00,0.00,1930000.00,90000.00,5785000.00,"Waterfall split 53000 ARS from Investment193 → Investment145 (140000/140000)"
674,payout_closed,Investment193,Investment145,Aggressive Alpha,40,140000,0,140000.00,0.00,1930000.00,90000.00,5785000.00,"Payout closed for Investment145: 140000 ARS (40%) funded via marketplace splits"
675,split,Investment193,Investment146,Capital Shield,6,37000,0,37000.00,69000.00,1930000.00,90000.00,5748000.00,"Waterfall split 37000 ARS from Investment193 → Investment146 (37000/106000)"
676,subscription,Investment194,platform,Growth Partners,25,100000,10000,0.00,125000.00,1940000.00,90000.00,5873000.00,"Ticket 100000 ARS; app fee 10000 (10%); distributable 90000; target payout 125000"
677,split,Investment194,Investment146,Capital Shield,6,69000,0,106000.00,0.00,1940000.00,90000.00,5804000.00,"Waterfall split 69000 ARS from Investment194 → Investment146 (106000/106000)"
678,payout_closed,Investment194,Investment146,Capital Shield,6,106000,0,106000.00,0.00,1940000.00,90000.00,5804000.00,"Payout closed for Investment146: 106000 ARS (6%) funded via marketplace splits"
679,split,Investment194,Investment147,Balanced Growth,15,21000,0,21000.00,94000.00,1940000.00,90000.00,5783000.00,"Waterfall split 21000 ARS from Investment194 → Investment147 (21000/115000)"
680,subscription,Investment195,platform,Capital Shield,6,100000,10000,0.00,106000.00,1950000.00,90000.00,5889000.00,"Ticket 100000 ARS; app fee 10000 (10%); distributable 90000; target payout 106000"
681,split,Investment195,Investment147,Balanced Growth,15,90000,0,111000.00,4000.00,1950000.00,90000.00,5799000.00,"Waterfall split 90000 ARS from Investment195 → Investment147 (111000/115000)"
682,subscription,Investment196,platform,Growth Partners,25,100000,10000,0.00,125000.00,1960000.00,90000.00,5924000.00,"Ticket 100000 ARS; app fee 10000 (10%); distributable 90000; target payout 125000"
683,split,Investment196,Investment147,Balanced Growth,15,4000,0,115000.00,0.00,1960000.00,90000.00,5920000.00,"Waterfall split 4000 ARS from Investment196 → Investment147 (115000/115000)"
684,payout_closed,Investment196,Investment147,Balanced Growth,15,115000,0,115000.00,0.00,1960000.00,90000.00,5920000.00,"Payout closed for Investment147: 115000 ARS (15%) funded via marketplace splits"
685,split,Investment196,Investment148,Aggressive Alpha,40,86000,0,86000.00,54000.00,1960000.00,90000.00,5834000.00,"Waterfall split 86000 ARS from Investment196 → Investment148 (86000/140000)"
686,subscription,Investment197,platform,Stable Yield,10,100000,10000,0.00,110000.00,1970000.00,90000.00,5944000.00,"Ticket 100000 ARS; app fee 10000 (10%); distributable 90000; target payout 110000"
687,split,Investment197,Investment148,Aggressive Alpha,40,54000,0,140000.00,0.00,1970000.00,90000.00,5890000.00,"Waterfall split 54000 ARS from Investment197 → Investment148 (140000/140000)"
688,payout_closed,Investment197,Investment148,Aggressive Alpha,40,140000,0,140000.00,0.00,1970000.00,90000.00,5890000.00,"Payout closed for Investment148: 140000 ARS (40%) funded via marketplace splits"
689,split,Investment197,Investment149,Capital Shield,6,36000,0,36000.00,70000.00,1970000.00,90000.00,5854000.00,"Waterfall split 36000 ARS from Investment197 → Investment149 (36000/106000)"
690,subscription,Investment198,platform,Capital Shield,6,100000,10000,0.00,106000.00,1980000.00,90000.00,5960000.00,"Ticket 100000 ARS; app fee 10000 (10%); distributable 90000; target payout 106000"
691,split,Investment198,Investment149,Capital Shield,6,70000,0,106000.00,0.00,1980000.00,90000.00,5890000.00,"Waterfall split 70000 ARS from Investment198 → Investment149 (106000/106000)"
692,payout_closed,Investment198,Investment149,Capital Shield,6,106000,0,106000.00,0.00,1980000.00,90000.00,5890000.00,"Payout closed for Investment149: 106000 ARS (6%) funded via marketplace splits"
693,split,Investment198,Investment150,Aggressive Alpha,40,20000,0,20000.00,120000.00,1980000.00,90000.00,5870000.00,"Waterfall split 20000 ARS from Investment198 → Investment150 (20000/140000)"
694,subscription,Investment199,platform,Balanced Growth,15,100000,10000,0.00,115000.00,1990000.00,90000.00,5985000.00,"Ticket 100000 ARS; app fee 10000 (10%); distributable 90000; target payout 115000"
695,split,Investment199,Investment150,Aggressive Alpha,40,90000,0,110000.00,30000.00,1990000.00,90000.00,5895000.00,"Waterfall split 90000 ARS from Investment199 → Investment150 (110000/140000)"
696,subscription,Investment200,platform,Growth Partners,25,100000,10000,0.00,125000.00,2000000.00,90000.00,6020000.00,"Ticket 100000 ARS; app fee 10000 (10%); distributable 90000; target payout 125000"
697,split,Investment200,Investment150,Aggressive Alpha,40,30000,0,140000.00,0.00,2000000.00,90000.00,5990000.00,"Waterfall split 30000 ARS from Investment200 → Investment150 (140000/140000)"
698,payout_closed,Investment200,Investment150,Aggressive Alpha,40,140000,0,140000.00,0.00,2000000.00,90000.00,5990000.00,"Payout closed for Investment150: 140000 ARS (40%) funded via marketplace splits"
699,split,Investment200,Investment151,Growth Partners,25,60000,0,60000.00,65000.00,2000000.00,90000.00,5930000.00,"Waterfall split 60000 ARS from Investment200 → Investment151 (60000/125000)"
